customer_id,transaction_date,amount_vnd
C0001,2025-03-01,107840
C0001,2025-06-15,185674
C0001,2025-11-12,310313
C0001,2025-12-14,742360
C0002,2025-05-31,178047
C0003,2025-02-20,1275794
C0003,2025-07-30,454365
C0004,2025-04-21,141427
C0004,2025-06-04,1124012
C0004,2025-06-27,870821
C0004,2025-11-20,117932
C0005,2025-01-22,146065
C0005,2025-04-09,142152
C0005,2025-05-13,148242
C0005,2025-05-20,331798
C0005,2025-08-23,142704
C0005,2025-10-08,1068766
C0005,2025-10-18,195387
C0005,2025-11-01,221109
C0006,2025-01-20,49433
C0006,2025-01-29,1599767
C0006,2025-02-23,101902
C0006,2025-06-17,181744
C0006,2025-07-10,814594
C0006,2025-10-21,77855
C0006,2025-12-12,249874
C0007,2025-01-12,1606257
C0007,2025-01-24,513348
C0007,2025-02-09,1155871
C0007,2025-04-01,103445
C0007,2025-06-09,75666
C0007,2025-07-14,1532759
C0007,2025-08-14,811682
C0007,2025-10-17,497618
C0007,2025-11-04,96611
C0007,2025-11-20,464702
C0007,2025-12-24,202352
C0008,2025-02-22,465624
C0008,2025-05-22,86589
C0008,2025-07-02,74412
C0009,2025-02-05,196337
C0009,2025-04-14,458201
C0009,2025-07-23,683753
C0009,2025-09-12,28080
C0009,2025-10-12,65953
C0010,2024-09-11,188372
C0010,2025-02-06,245408
C0010,2025-05-02,161768
C0010,2025-05-27,181338
C0011,2024-12-10,779545
C0011,2025-03-24,856363
C0011,2025-04-23,992200
C0011,2025-05-12,1616883
C0011,2025-05-15,687960
C0011,2025-05-30,1043881
C0011,2025-06-06,285633
C0011,2025-07-13,2171184
C0011,2025-07-30,647688
C0011,2025-08-08,284079
C0011,2025-10-14,369685
C0011,2025-10-17,41770
C0011,2025-11-03,367260
C0011,2025-11-06,9224
C0011,2025-11-22,1105968
C0011,2025-12-01,834800
C0011,2025-12-05,199108
C0012,2024-09-29,428234
C0012,2025-06-27,62647
C0013,2025-03-14,426868
C0013,2025-05-20,44211
C0013,2025-09-20,241838
C0014,2024-12-13,1240337
C0014,2025-03-11,492144
C0014,2025-04-23,113571
C0014,2025-11-05,299440
C0014,2025-11-17,1305983
C0015,2025-02-13,1884323
C0015,2025-03-02,410502
C0015,2025-03-19,530803
C0015,2025-04-28,819737
C0015,2025-12-06,2525050
C0016,2025-01-15,898713
C0016,2025-03-02,486683
C0016,2025-04-06,534781
C0016,2025-04-19,75100
C0016,2025-05-11,266473
C0016,2025-09-08,650201
C0016,2025-09-25,675706
C0016,2025-10-22,196755
C0016,2025-11-17,430764
C0016,2025-11-26,151876
C0017,2024-12-03,117077
C0017,2024-12-23,376870
C0017,2024-12-30,87158
C0017,2025-04-25,213941
C0017,2025-05-12,89062
C0017,2025-05-26,567527
C0017,2025-06-02,398321
C0017,2025-06-20,174555
C0017,2025-07-08,616754
C0017,2025-07-21,270129
C0017,2025-08-10,282370
C0017,2025-08-26,175864
C0017,2025-10-29,429840
C0017,2025-11-30,516246
C0018,2025-02-01,51550
C0018,2025-05-29,1114410
C0018,2025-10-22,373257
C0018,2025-11-13,299465
C0019,2024-12-18,188293
C0019,2025-02-17,69707
C0019,2025-03-25,163832
C0019,2025-08-08,689350
C0019,2025-12-01,593698
C0020,2024-12-30,518224
C0020,2025-01-25,179710
C0020,2025-01-27,743155
C0020,2025-02-20,1112932
C0020,2025-02-28,540382
C0020,2025-03-09,243968
C0020,2025-04-05,142067
C0020,2025-05-15,108609
C0020,2025-06-15,21220
C0020,2025-08-30,282403
C0020,2025-09-26,267098
C0020,2025-11-30,707702
C0021,2024-11-28,323194
C0021,2025-06-24,768073
C0021,2025-10-14,42596
C0022,2025-01-15,146825
C0022,2025-07-05,319135
C0022,2025-07-15,430231
C0022,2025-09-07,592852
C0022,2025-11-04,257496
C0022,2025-11-05,457822
C0022,2025-11-14,932385
C0023,2024-11-14,845620
C0023,2025-03-26,212614
C0023,2025-05-18,960890
C0023,2025-06-28,834802
C0023,2025-09-08,695224
C0023,2025-09-22,415110
C0023,2025-11-03,218912
C0024,2025-04-27,861006
C0024,2025-05-12,631441
C0024,2025-11-10,614401
C0025,2024-12-17,700288
C0025,2025-02-18,530404
C0025,2025-04-29,140339
C0025,2025-11-07,432453
C0026,2025-04-24,739172
C0027,2024-11-19,240742
C0027,2025-01-31,378466
C0027,2025-04-18,333051
C0027,2025-08-21,909049
C0027,2025-10-19,59040
C0027,2025-11-04,1014368
C0027,2025-11-17,1672697
C0028,2025-05-22,42441
C0028,2025-09-03,856215
C0028,2025-11-14,637589
C0029,2025-03-23,21050
C0029,2025-03-27,533601
C0029,2025-07-17,219588
C0029,2025-11-26,526381
C0030,2024-12-10,149598
C0030,2024-12-21,1376552
C0030,2025-01-09,154100
C0030,2025-01-20,290084
C0030,2025-01-24,79803
C0030,2025-03-19,1154690
C0030,2025-04-23,1076405
C0030,2025-04-24,113759
C0030,2025-04-25,1766464
C0030,2025-05-09,280305
C0030,2025-05-13,446989
C0030,2025-05-23,276206
C0030,2025-05-26,128499
C0030,2025-06-12,311768
C0030,2025-06-16,313990
C0030,2025-06-28,407352
C0030,2025-07-13,545823
C0030,2025-07-16,64297
C0030,2025-08-02,70544
C0030,2025-09-15,524544
C0030,2025-09-24,114276
C0030,2025-10-17,360455
C0030,2025-10-20,1165930
C0030,2025-11-22,101295
C0030,2025-12-07,175177
C0031,2024-11-14,157712
C0031,2025-08-13,501015
C0031,2025-10-25,556432
C0031,2025-10-29,573613
C0032,2025-03-13,273755
C0032,2025-04-25,19638
C0032,2025-06-07,373412
C0032,2025-08-17,452189
C0032,2025-08-29,417072
C0032,2025-09-01,426575
C0032,2025-10-23,215737
C0032,2025-11-21,533346
C0032,2025-11-23,545977
C0032,2025-12-10,498019
C0032,2025-12-11,211683
C0033,2025-01-08,242695
C0033,2025-01-13,177782
C0033,2025-03-11,257813
C0033,2025-03-23,395630
C0033,2025-03-23,386953
C0033,2025-03-24,683143
C0033,2025-04-27,276246
C0033,2025-05-27,41819
C0033,2025-06-19,582583
C0033,2025-06-23,116137
C0033,2025-06-24,725322
C0033,2025-07-14,111646
C0033,2025-08-04,508648
C0033,2025-09-07,170852
C0033,2025-11-14,254076
C0033,2025-12-23,550020
C0033,2025-12-26,176794
C0033,2025-12-30,238124
C0034,2024-12-06,46232
C0034,2025-04-11,705932
C0035,2025-06-02,910672
C0036,2025-04-01,1239923
C0036,2025-06-28,136859
C0037,2024-11-18,165977
C0037,2025-01-22,680911
C0037,2025-01-31,262956
C0037,2025-02-10,53999
C0037,2025-02-26,841297
C0037,2025-03-16,218775
C0037,2025-04-11,150997
C0037,2025-04-27,1227202
C0037,2025-06-21,927782
C0037,2025-09-12,143149
C0037,2025-10-14,117975
C0037,2025-11-12,297683
C0038,2025-01-15,1097498
C0038,2025-02-10,1231036
C0038,2025-02-24,91990
C0038,2025-04-09,431476
C0038,2025-04-10,942420
C0038,2025-04-27,641082
C0038,2025-05-16,1100253
C0038,2025-05-25,883467
C0038,2025-09-10,23120
C0038,2025-11-22,1468907
C0038,2025-12-06,379070
C0038,2025-12-11,241925
C0039,2024-12-30,308301
C0039,2025-05-12,59021
C0039,2025-12-18,534759
C0040,2025-07-28,697241
C0040,2025-10-31,1088626
C0041,2024-12-23,554611
C0041,2025-02-20,1216455
C0041,2025-04-01,307677
C0041,2025-06-29,429800
C0041,2025-08-23,47535
C0041,2025-09-19,420545
C0041,2025-09-28,104614
C0041,2025-09-28,134646
C0041,2025-10-18,476303
C0041,2025-10-31,240711
C0041,2025-11-26,15920
C0042,2025-04-23,329110
C0042,2025-05-26,390015
C0042,2025-09-11,374312
C0042,2025-12-01,84351
C0043,2025-02-24,1385569
C0043,2025-03-07,701186
C0043,2025-03-09,854462
C0043,2025-03-25,363293
C0043,2025-03-31,269673
C0043,2025-04-17,432457
C0043,2025-04-18,241383
C0043,2025-05-28,270279
C0043,2025-06-20,155618
C0043,2025-06-28,246815
C0043,2025-08-01,692316
C0043,2025-09-25,382869
C0043,2025-11-18,182453
C0043,2025-11-19,242081
C0043,2025-12-10,913906
C0043,2025-12-12,95788
C0043,2025-12-14,157365
C0044,2025-01-08,537420
C0044,2025-05-01,499117
C0044,2025-08-28,67778
C0045,2024-12-23,694584
C0045,2024-12-24,57754
C0045,2025-03-14,414203
C0045,2025-04-23,652440
C0045,2025-06-19,394878
C0045,2025-07-08,546084
C0045,2025-09-04,991632
C0045,2025-11-27,849052
C0046,2025-01-12,137678
C0046,2025-01-20,261675
C0046,2025-03-07,153494
C0046,2025-04-05,117169
C0046,2025-09-15,161774
C0046,2025-09-20,222413
C0046,2025-12-01,83884
C0047,2024-12-29,469814
C0047,2025-02-14,431550
C0047,2025-02-22,2245247
C0047,2025-03-17,334330
C0047,2025-04-26,33735
C0047,2025-06-12,771443
C0047,2025-09-01,209416
C0047,2025-12-25,1326895
C0048,2025-01-16,315478
C0048,2025-02-03,436315
C0048,2025-09-17,173101
C0048,2025-11-20,760600
C0049,2025-02-20,227214
C0049,2025-04-03,815991
C0049,2025-10-01,217402
C0049,2025-11-11,148891
C0050,2025-01-10,241885
C0050,2025-02-11,223041
C0050,2025-03-05,95011
C0050,2025-04-08,103347
C0050,2025-09-19,464076
C0050,2025-11-15,42200
C0050,2025-12-03,359571
C0050,2025-12-06,703485
C0051,2025-08-31,937348
C0052,2025-12-21,1120696
C0053,2025-03-21,102457
C0053,2025-06-20,216408
C0053,2025-08-21,238424
C0054,2025-06-09,1411785
C0055,2025-05-03,989307
C0055,2025-07-06,686318
C0055,2025-11-20,101831
C0056,2025-06-03,774993
C0057,2025-01-12,737026
C0057,2025-01-21,1232062
C0057,2025-03-26,1126769
C0057,2025-05-07,41408
C0057,2025-05-16,208823
C0057,2025-05-20,109520
C0057,2025-06-03,666056
C0057,2025-06-12,456225
C0057,2025-07-17,119129
C0057,2025-08-09,142934
C0057,2025-08-27,943545
C0057,2025-10-20,234374
C0057,2025-11-09,18676
C0057,2025-11-16,106442
C0057,2025-11-23,1425282
C0057,2025-12-12,798956
C0058,2024-12-22,749239
C0058,2025-02-27,521678
C0058,2025-05-21,956984
C0058,2025-12-20,1257972
C0059,2024-12-18,107399
C0059,2024-12-23,1199355
C0059,2025-01-13,590667
C0059,2025-02-07,70103
C0059,2025-04-04,314424
C0059,2025-04-08,654138
C0059,2025-04-09,286688
C0059,2025-06-10,115500
C0059,2025-06-23,950781
C0059,2025-07-03,274888
C0059,2025-07-08,1199908
C0059,2025-07-13,214399
C0059,2025-07-24,259419
C0059,2025-10-06,197285
C0059,2025-10-20,309367
C0059,2025-11-08,538443
C0059,2025-12-01,122955
C0060,2024-11-26,758364
C0060,2025-01-13,531416
C0060,2025-01-22,293966
C0060,2025-01-28,180579
C0060,2025-03-25,244286
C0060,2025-04-06,208240
C0060,2025-04-22,316570
C0060,2025-06-12,79028
C0060,2025-07-04,212436
C0060,2025-11-10,527034
C0061,2025-03-10,210926
C0061,2025-03-21,677664
C0061,2025-04-22,41650
C0061,2025-10-13,383719
C0061,2025-11-08,456231
C0061,2025-11-10,387645
C0062,2025-04-27,535896
C0062,2025-05-04,76922
C0062,2025-06-30,754644
C0062,2025-07-22,122809
C0062,2025-11-30,57673
C0063,2025-05-31,884743
C0064,2025-01-26,353639
C0064,2025-07-08,1040994
C0064,2025-10-30,239383
C0065,2025-04-05,336261
C0065,2025-05-25,665916
C0065,2025-05-28,640040
C0065,2025-08-05,754904
C0065,2025-10-14,847023
C0065,2025-11-27,605442
C0066,2024-11-20,180101
C0066,2025-03-02,1561604
C0066,2025-03-20,428336
C0066,2025-11-05,192354
C0067,2024-11-30,726526
C0067,2024-11-30,335698
C0067,2025-01-13,261661
C0067,2025-01-15,75019
C0067,2025-02-14,178373
C0067,2025-02-23,589285
C0067,2025-03-24,500368
C0067,2025-05-23,438382
C0067,2025-06-02,13309
C0067,2025-06-10,442414
C0067,2025-06-16,207066
C0067,2025-11-21,503505
C0067,2025-11-25,1004294
C0068,2025-03-03,318886
C0068,2025-07-19,450868
C0069,2025-03-31,383582
C0069,2025-04-30,365443
C0069,2025-07-20,1443808
C0069,2025-08-14,248272
C0069,2025-09-11,181534
C0069,2025-10-15,191494
C0069,2025-11-08,1673629
C0069,2025-11-17,1679333
C0069,2025-11-28,495131
C0069,2025-12-08,412458
C0070,2024-07-30,974453
C0070,2025-05-15,158574
C0071,2024-05-17,115366
C0071,2025-05-08,312885
C0072,2025-01-31,382778
C0072,2025-03-26,245276
C0072,2025-05-01,121787
C0072,2025-06-14,97107
C0072,2025-06-15,138670
C0072,2025-08-12,271607
C0072,2025-09-14,257142
C0072,2025-10-21,306613
C0072,2025-11-21,111435
C0073,2025-02-20,547748
C0073,2025-06-07,812984
C0073,2025-06-23,3691683
C0073,2025-08-25,2152444
C0073,2025-09-28,297120
C0073,2025-11-21,1728286
C0073,2025-12-22,896416
C0073,2025-12-28,1332290
C0074,2025-07-26,1488557
C0075,2025-04-10,1746698
C0076,2025-04-16,1027518
C0077,2025-07-20,1193839
C0078,2024-12-27,277756
C0078,2025-03-23,985974
C0078,2025-04-10,661062
C0078,2025-06-08,129679
C0078,2025-06-21,97179
C0078,2025-07-08,16769
C0078,2025-07-08,331283
C0078,2025-07-20,696556
C0078,2025-07-29,108797
C0078,2025-08-10,113918
C0078,2025-08-22,400881
C0078,2025-08-22,565490
C0078,2025-08-24,289848
C0078,2025-08-26,109111
C0078,2025-09-08,192899
C0078,2025-10-08,166580
C0078,2025-11-28,386879
C0078,2025-11-29,110005
C0078,2025-12-17,56501
C0079,2025-10-19,678047
C0079,2025-11-11,1418775
C0080,2025-02-25,1515649
C0080,2025-12-05,2741342
C0081,2024-08-08,123064
C0081,2025-04-02,314707
C0081,2025-07-13,610137
C0082,2024-12-24,5766
C0082,2025-01-07,425612
C0082,2025-11-09,299924
C0083,2024-11-28,554605
C0083,2025-02-20,596734
C0083,2025-03-18,514164
C0083,2025-04-19,416435
C0083,2025-04-30,322663
C0083,2025-06-11,544237
C0083,2025-06-27,145441
C0083,2025-07-15,707375
C0083,2025-08-01,344341
C0083,2025-08-06,349358
C0083,2025-08-07,1176300
C0083,2025-11-22,82323
C0084,2024-12-30,345835
C0084,2024-12-31,212066
C0084,2025-01-19,89150
C0084,2025-02-20,1167184
C0084,2025-02-28,393987
C0084,2025-04-01,468315
C0084,2025-04-10,407341
C0084,2025-05-08,228111
C0084,2025-05-26,582490
C0084,2025-06-26,98456
C0084,2025-07-14,93421
C0084,2025-07-25,390707
C0084,2025-08-08,85553
C0084,2025-08-21,1021037
C0084,2025-09-12,159277
C0084,2025-10-24,573885
C0084,2025-11-10,68093
C0084,2025-11-21,864889
C0084,2025-11-28,288543
C0084,2025-12-03,154708
C0084,2025-12-24,212970
C0085,2024-11-04,345138
C0085,2025-03-18,709293
C0085,2025-05-09,1390995
C0085,2025-05-11,1243201
C0085,2025-06-24,750946
C0085,2025-08-19,727269
C0085,2025-11-02,1034012
C0086,2024-12-23,422151
C0086,2025-01-23,409891
C0086,2025-02-12,553070
C0086,2025-04-06,183546
C0086,2025-08-07,127358
C0086,2025-08-08,704533
C0086,2025-12-02,110509
C0086,2025-12-07,98373
C0086,2025-12-10,80934
C0087,2025-08-21,913946
C0088,2025-04-25,1343499
C0088,2025-09-18,150945
C0088,2025-10-27,462261
C0089,2025-07-02,265744
C0089,2025-07-10,290061
C0090,2024-12-19,284954
C0090,2025-04-15,972925
C0090,2025-06-04,429633
C0090,2025-11-29,465956
C0091,2025-01-21,551532
C0091,2025-02-23,669059
C0091,2025-03-24,243796
C0091,2025-06-25,173273
C0091,2025-06-27,1313944
C0091,2025-06-27,162895
C0091,2025-08-30,95090
C0091,2025-09-13,118699
C0091,2025-09-30,388329
C0091,2025-11-08,689189
C0092,2025-06-06,789844
C0093,2024-08-05,606310
C0093,2025-05-16,129000
C0094,2025-03-17,1751431
C0094,2025-04-27,295848
C0094,2025-12-01,559310
C0095,2025-05-16,204461
C0095,2025-08-26,358740
C0096,2024-11-12,86632
C0096,2025-01-07,1050407
C0096,2025-06-06,932198
C0096,2025-07-16,565521
C0096,2025-11-10,397933
C0097,2025-04-22,367271
C0097,2025-10-08,181135
C0097,2025-10-12,257576
C0098,2025-02-24,1070805
C0098,2025-11-11,324619
C0099,2025-01-20,2598142
C0099,2025-01-21,1209444
C0099,2025-01-22,290237
C0099,2025-02-02,532528
C0099,2025-02-04,143432
C0099,2025-02-27,662749
C0099,2025-03-13,745422
C0099,2025-04-08,625147
C0099,2025-05-14,289905
C0099,2025-06-16,1801405
C0099,2025-07-03,489042
C0099,2025-07-17,144466
C0099,2025-08-19,804187
C0099,2025-09-07,1050477
C0099,2025-11-11,147953
C0099,2025-11-12,376973
C0099,2025-12-14,88804
C0100,2024-12-01,1060804
C0100,2025-01-19,451898
C0100,2025-02-08,169199
C0100,2025-04-14,661217
C0100,2025-06-14,49062
C0100,2025-07-17,115778
C0100,2025-08-03,338333
C0100,2025-08-25,591384
C0100,2025-10-15,257639
C0100,2025-10-15,232024
C0100,2025-10-20,245438
C0100,2025-11-17,746710
C0101,2025-07-02,950237
C0101,2025-07-14,1314371
C0101,2025-09-30,1257989
C0101,2025-11-08,379463
C0101,2025-11-28,118435
C0101,2025-12-19,482279
C0102,2025-04-27,543272
C0102,2025-10-28,1443621
C0103,2025-01-09,242499
C0103,2025-01-15,123938
C0103,2025-02-04,90095
C0103,2025-02-22,311071
C0103,2025-03-27,484981
C0103,2025-05-04,1084400
C0103,2025-05-29,633603
C0103,2025-08-06,723491
C0103,2025-09-04,577871
C0103,2025-10-08,221553
C0103,2025-11-09,101561
C0103,2025-11-27,15121
C0104,2025-04-10,632951
C0104,2025-05-11,21465
C0104,2025-12-09,1650650
C0105,2025-07-16,231532
C0106,2024-12-30,895201
C0106,2024-12-30,368023
C0106,2025-01-09,134445
C0106,2025-02-06,967
C0106,2025-03-18,666505
C0106,2025-05-01,839634
C0106,2025-05-15,118137
C0106,2025-05-21,365452
C0106,2025-06-29,373618
C0106,2025-06-30,200041
C0106,2025-09-17,289878
C0106,2025-10-12,389044
C0106,2025-11-02,213028
C0106,2025-11-26,573688
C0107,2024-11-28,983669
C0107,2025-02-16,51034
C0107,2025-06-03,344212
C0107,2025-09-08,351593
C0107,2025-11-24,938167
C0108,2025-03-07,257202
C0108,2025-03-24,482837
C0109,2024-12-07,663046
C0109,2025-04-10,1198066
C0109,2025-06-04,545301
C0109,2025-07-19,135119
C0109,2025-10-01,558381
C0109,2025-10-02,277300
C0109,2025-11-29,485433
C0110,2025-01-25,1069330
C0110,2025-04-17,1044606
C0110,2025-05-02,1245705
C0110,2025-05-13,2134572
C0110,2025-05-22,703801
C0110,2025-06-22,1788280
C0110,2025-10-11,1094804
C0110,2025-11-12,3488117
C0110,2025-12-19,1558416
C0111,2025-03-27,865175
C0111,2025-04-17,8159
C0111,2025-04-19,156585
C0111,2025-05-21,699642
C0111,2025-05-28,692469
C0111,2025-07-03,148342
C0111,2025-08-08,142898
C0111,2025-09-07,133793
C0111,2025-10-28,127586
C0111,2025-12-10,137177
C0112,2024-11-21,78716
C0112,2025-01-24,209337
C0112,2025-04-11,451094
C0112,2025-08-07,1017129
C0112,2025-08-23,774838
C0112,2025-10-08,203025
C0112,2025-11-10,1493946
C0112,2025-11-19,84389
C0113,2025-02-22,363976
C0114,2025-04-12,262781
C0114,2025-09-04,37870
C0115,2025-04-19,734424
C0115,2025-11-18,817785
C0115,2025-12-02,339796
C0116,2024-07-13,598358
C0116,2025-04-17,813773
C0117,2024-10-14,247322
C0117,2025-08-31,347926
C0118,2024-12-27,1027849
C0118,2025-01-28,437059
C0118,2025-03-16,124138
C0118,2025-06-24,537032
C0118,2025-08-05,50313
C0118,2025-12-06,1610102
C0119,2025-01-13,1220905
C0119,2025-06-29,501035
C0120,2025-04-29,981835
C0120,2025-08-02,361216
C0120,2025-12-03,794402
C0121,2025-02-20,222295
C0121,2025-05-11,1037987
C0122,2024-11-02,316912
C0122,2025-01-01,98149
C0122,2025-04-16,397398
C0122,2025-08-23,85428
C0123,2025-01-05,147321
C0123,2025-03-27,2171898
C0123,2025-12-18,3299892
C0124,2024-12-21,858726
C0124,2025-02-24,87745
C0124,2025-04-01,289050
C0124,2025-06-14,438101
C0124,2025-07-06,606774
C0124,2025-07-23,792342
C0124,2025-07-27,221723
C0124,2025-10-21,443295
C0124,2025-11-17,451865
C0124,2025-12-07,109878
C0125,2025-02-13,482311
C0125,2025-04-30,17842
C0125,2025-04-30,364494
C0125,2025-05-23,170978
C0125,2025-06-19,280780
C0125,2025-09-18,386841
C0125,2025-12-01,11334
C0126,2025-02-14,1197182
C0126,2025-10-25,484396
C0127,2024-09-14,354097
C0127,2025-01-09,205765
C0127,2025-06-27,243752
C0128,2025-04-02,744895
C0129,2024-12-15,172758
C0129,2024-12-29,189936
C0129,2025-01-29,199413
C0129,2025-03-31,295378
C0129,2025-04-19,319156
C0129,2025-04-20,299216
C0129,2025-06-06,306912
C0129,2025-07-04,54519
C0129,2025-07-07,56120
C0129,2025-08-27,227766
C0129,2025-09-01,97751
C0129,2025-09-12,303629
C0129,2025-09-13,726394
C0129,2025-09-23,991353
C0129,2025-10-11,722364
C0129,2025-11-11,384689
C0129,2025-12-07,624042
C0129,2025-12-11,372063
C0129,2025-12-13,318771
C0130,2024-12-28,58938
C0130,2025-01-01,41720
C0130,2025-05-29,113201
C0130,2025-09-28,76298
C0130,2025-11-17,74276
C0131,2025-06-08,519966
C0131,2025-06-11,263095
C0131,2025-09-07,396964
C0131,2025-11-27,366294
C0132,2025-01-16,840737
C0132,2025-05-04,300945
C0132,2025-05-21,207954
C0132,2025-06-22,270081
C0132,2025-06-28,959936
C0132,2025-07-05,248830
C0132,2025-07-20,859085
C0132,2025-09-11,6774
C0132,2025-09-19,1139999
C0132,2025-10-07,121589
C0132,2025-12-03,585885
C0133,2025-01-03,524392
C0133,2025-02-13,249279
C0133,2025-02-24,24713
C0133,2025-06-21,277538
C0133,2025-06-26,182173
C0133,2025-07-23,100125
C0133,2025-08-26,936196
C0133,2025-08-28,985037
C0133,2025-11-15,304210
C0134,2025-01-07,191372
C0134,2025-03-08,1135032
C0134,2025-03-31,196822
C0134,2025-06-02,1009171
C0134,2025-10-29,945533
C0134,2025-11-30,88210
C0135,2025-09-30,500761
C0136,2025-02-19,188030
C0136,2025-02-19,481410
C0136,2025-05-08,425930
C0136,2025-05-15,150805
C0136,2025-05-15,120194
C0136,2025-05-24,151453
C0136,2025-06-09,197847
C0136,2025-06-13,89968
C0136,2025-06-25,225134
C0136,2025-07-09,208269
C0136,2025-10-19,212982
C0136,2025-10-21,605455
C0136,2025-11-03,560756
C0136,2025-12-04,290309
C0136,2025-12-18,264527
C0137,2025-01-10,497287
C0137,2025-02-19,63092
C0137,2025-06-12,783186
C0137,2025-10-12,29652
C0138,2025-07-28,840254
C0139,2025-03-20,393537
C0139,2025-08-02,514950
C0139,2025-12-15,590629
C0140,2024-03-17,24446
C0140,2024-08-17,43853
C0140,2025-02-04,39202
C0141,2025-05-17,1404786
C0142,2024-12-12,170603
C0142,2024-12-22,568824
C0142,2024-12-25,1160194
C0142,2025-02-19,352848
C0142,2025-06-21,205636
C0142,2025-06-28,830344
C0142,2025-08-10,435811
C0142,2025-11-15,478311
C0143,2025-03-16,479419
C0143,2025-05-20,294889
C0143,2025-08-02,90152
C0143,2025-08-19,123045
C0143,2025-12-03,856412
C0144,2025-02-10,65251
C0144,2025-02-19,297684
C0144,2025-02-25,37310
C0144,2025-02-27,127262
C0144,2025-03-15,89166
C0144,2025-04-21,47743
C0144,2025-06-20,120900
C0144,2025-08-22,533735
C0144,2025-10-14,271585
C0144,2025-10-28,40518
C0144,2025-11-16,703308
C0144,2025-11-28,107950
C0144,2025-12-27,233302
C0145,2025-05-25,415740
C0145,2025-05-29,1786613
C0145,2025-08-29,1609496
C0145,2025-12-04,583007
C0146,2025-04-30,1782795
C0146,2025-06-22,817630
C0146,2025-08-11,25874
C0146,2025-08-17,1065998
C0146,2025-10-15,720264
C0146,2025-10-17,1161920
C0146,2025-11-15,506818
C0146,2025-12-06,659977
C0146,2025-12-19,2346281
C0146,2025-12-22,1332901
C0147,2025-12-11,2556508
C0148,2025-02-08,295807
C0148,2025-11-04,1289149
C0149,2025-01-04,128115
C0149,2025-01-11,175715
C0149,2025-02-17,234317
C0149,2025-02-21,323927
C0149,2025-02-27,143457
C0149,2025-06-04,230373
C0149,2025-06-20,392732
C0149,2025-06-21,1058077
C0149,2025-07-11,144411
C0149,2025-07-16,204018
C0149,2025-08-01,679153
C0149,2025-08-05,815734
C0149,2025-08-25,518082
C0149,2025-08-31,799606
C0149,2025-09-05,135515
C0149,2025-09-10,741243
C0149,2025-11-27,611633
C0149,2025-12-14,98031
C0149,2025-12-23,237714
C0150,2024-12-06,691279
C0150,2024-12-11,811801
C0150,2024-12-20,63963
C0150,2025-01-12,521141
C0150,2025-02-24,712961
C0150,2025-02-26,179511
C0150,2025-04-13,790837
C0150,2025-06-29,158552
C0150,2025-07-29,264782
C0150,2025-09-12,165361
C0150,2025-09-25,137342
C0150,2025-09-27,474985
C0150,2025-11-30,72235
C0151,2024-08-02,10212
C0151,2024-11-19,54282
C0151,2025-05-18,35505
C0152,2025-02-22,103642
C0152,2025-04-04,429944
C0152,2025-04-18,284914
C0152,2025-08-08,1710015
C0152,2025-10-28,576184
C0152,2025-11-15,337872
C0152,2025-12-06,277446
C0152,2025-12-13,189545
C0152,2025-12-22,832950
C0153,2024-12-08,29601
C0153,2024-12-26,85483
C0153,2025-01-09,336277
C0153,2025-01-23,324144
C0153,2025-01-25,528391
C0153,2025-04-28,663440
C0153,2025-05-30,1087865
C0153,2025-06-07,117255
C0153,2025-06-26,91619
C0153,2025-07-22,235106
C0153,2025-07-22,34536
C0153,2025-08-03,131897
C0153,2025-10-03,188659
C0153,2025-11-05,250188
C0153,2025-11-18,272915
C0154,2025-06-02,243551
C0154,2025-08-17,823036
C0154,2025-09-08,9017
C0154,2025-12-11,1531955
C0155,2025-08-13,931966
C0156,2025-01-19,687428
C0156,2025-02-20,127989
C0156,2025-03-05,106379
C0156,2025-03-22,51359
C0156,2025-04-06,193448
C0156,2025-04-10,358587
C0156,2025-05-28,790682
C0156,2025-06-06,562730
C0156,2025-06-22,248683
C0156,2025-07-06,293057
C0156,2025-07-11,11074
C0156,2025-11-01,311899
C0156,2025-11-25,81275
C0157,2024-12-25,100002
C0157,2025-04-08,472454
C0157,2025-07-16,155775
C0157,2025-10-24,700748
C0158,2025-07-14,1035590
C0159,2025-02-09,448405
C0159,2025-02-21,144160
C0159,2025-06-29,308003
C0159,2025-07-20,94372
C0159,2025-10-29,406066
C0159,2025-11-08,206639
C0159,2025-12-05,768481
C0160,2025-04-21,579406
C0161,2024-11-06,504772
C0161,2024-11-29,127093
C0161,2025-04-18,423151
C0161,2025-10-27,152754
C0162,2025-05-05,369106
C0162,2025-11-24,105869
C0163,2025-01-07,177251
C0163,2025-11-16,2488728
C0164,2024-11-22,187173
C0164,2025-02-11,898841
C0164,2025-10-06,840669
C0165,2024-12-16,531199
C0165,2024-12-20,523776
C0165,2024-12-21,358068
C0165,2024-12-31,718650
C0165,2025-03-06,105698
C0165,2025-03-19,1798044
C0165,2025-04-11,82075
C0165,2025-04-24,780093
C0165,2025-05-08,128325
C0165,2025-05-20,205496
C0165,2025-05-27,210893
C0165,2025-06-18,585975
C0165,2025-06-30,529153
C0165,2025-07-27,326902
C0165,2025-08-26,33427
C0165,2025-10-02,258119
C0165,2025-10-09,1374677
C0165,2025-10-27,778611
C0165,2025-11-03,144493
C0165,2025-12-09,481580
C0166,2024-10-20,201507
C0166,2025-06-18,90290
C0166,2025-07-06,78262
C0167,2025-04-21,920382
C0167,2025-05-09,1526532
C0167,2025-12-12,486695
C0168,2025-11-23,4221902
C0169,2025-01-18,1602098
C0169,2025-03-06,396951
C0169,2025-04-10,48754
C0169,2025-04-17,1008084
C0169,2025-05-01,174285
C0169,2025-07-09,452276
C0169,2025-08-12,335262
C0169,2025-08-19,235192
C0169,2025-08-22,272553
C0169,2025-09-28,93794
C0169,2025-10-02,493206
C0169,2025-10-05,909820
C0169,2025-11-22,119175
C0169,2025-12-04,492871
C0169,2025-12-06,627252
C0169,2025-12-14,333084
C0170,2024-12-28,699800
C0170,2025-07-23,841221
C0170,2025-12-01,489956
C0171,2025-03-09,458265
C0171,2025-06-09,996713
C0171,2025-10-14,277912
C0172,2025-01-05,670674
C0172,2025-01-21,566711
C0172,2025-02-05,633794
C0172,2025-03-24,489788
C0172,2025-03-25,340159
C0172,2025-04-23,1124384
C0172,2025-04-26,1220961
C0172,2025-04-29,1643865
C0172,2025-06-07,1432268
C0172,2025-07-12,498617
C0172,2025-08-25,246835
C0172,2025-09-08,103048
C0172,2025-10-12,803895
C0172,2025-10-31,656874
C0172,2025-12-22,606159
C0172,2025-12-30,664616
C0173,2024-12-28,1485371
C0173,2025-07-17,686881
C0173,2025-09-14,102914
C0173,2025-12-06,270511
C0174,2024-11-29,312939
C0174,2024-12-17,364491
C0174,2025-06-26,293351
C0174,2025-07-14,1081433
C0174,2025-11-01,394150
C0174,2025-11-11,837223
C0175,2024-11-25,634548
C0175,2025-11-07,1427905
C0176,2025-01-06,818109
C0176,2025-02-09,170044
C0176,2025-02-18,145360
C0176,2025-03-17,861143
C0176,2025-03-30,476231
C0176,2025-04-14,133536
C0176,2025-05-08,877252
C0176,2025-06-11,185955
C0176,2025-06-22,186060
C0176,2025-07-28,51703
C0176,2025-08-22,71933
C0176,2025-09-30,566266
C0176,2025-11-23,227904
C0177,2025-08-20,703397
C0177,2025-10-23,1243729
C0178,2024-10-11,1288623
C0178,2025-06-19,298939
C0178,2025-10-10,393829
C0179,2024-12-06,554076
C0179,2025-09-28,351566
C0180,2025-01-10,894856
C0180,2025-07-17,287396
C0180,2025-07-30,688435
C0180,2025-09-09,406891
C0180,2025-09-20,1147170
C0180,2025-10-05,101700
C0180,2025-11-22,1243618
C0180,2025-12-05,235152
C0181,2025-01-06,197364
C0181,2025-01-06,958849
C0181,2025-01-15,140151
C0181,2025-03-03,247044
C0181,2025-06-12,798274
C0181,2025-06-24,54736
C0181,2025-08-10,227130
C0181,2025-09-05,195169
C0181,2025-10-22,354185
C0181,2025-11-01,645610
C0181,2025-11-07,942594
C0181,2025-12-10,78358
C0182,2024-12-08,185222
C0182,2025-01-24,363186
C0182,2025-03-17,432721
C0182,2025-03-31,724278
C0182,2025-05-12,257900
C0182,2025-05-18,1020939
C0182,2025-08-13,271657
C0182,2025-08-17,164019
C0182,2025-10-17,34894
C0182,2025-12-03,189895
C0183,2025-05-14,168655
C0183,2025-07-11,166876
C0183,2025-07-16,479570
C0184,2025-09-04,1388721
C0185,2025-01-10,108663
C0185,2025-01-30,171590
C0185,2025-04-27,497772
C0185,2025-06-22,354686
C0185,2025-06-30,584634
C0185,2025-07-22,500938
C0185,2025-08-31,153585
C0185,2025-10-13,240698
C0185,2025-10-19,916152
C0185,2025-12-10,185710
C0186,2025-02-12,121011
C0186,2025-05-30,271620
C0186,2025-12-19,131267
C0187,2025-06-22,1639146
C0188,2025-11-24,2016452
C0189,2025-06-18,59938
C0189,2025-09-01,592370
C0189,2025-11-03,1459167
C0189,2025-12-12,378215
C0190,2024-11-22,155221
C0190,2024-11-24,100851
C0190,2025-01-17,194534
C0190,2025-01-22,37573
C0190,2025-02-11,110774
C0190,2025-03-18,164489
C0190,2025-05-30,262383
C0190,2025-06-13,219824
C0190,2025-06-16,319399
C0190,2025-06-28,201870
C0190,2025-09-13,506433
C0190,2025-09-20,366361
C0190,2025-09-28,298950
C0190,2025-10-12,572302
C0190,2025-10-27,572253
C0191,2025-02-12,932152
C0191,2025-02-16,639993
C0191,2025-02-23,89045
C0191,2025-03-08,507619
C0191,2025-03-09,425697
C0191,2025-04-29,269858
C0191,2025-05-08,475996
C0191,2025-06-03,152999
C0191,2025-06-30,315366
C0191,2025-07-24,293509
C0191,2025-08-03,130225
C0191,2025-08-08,214603
C0191,2025-08-15,180863
C0191,2025-09-04,402950
C0191,2025-09-29,774027
C0191,2025-10-21,67019
C0191,2025-10-24,413311
C0191,2025-11-27,174281
C0191,2025-11-27,608948
C0191,2025-12-16,409116
C0192,2025-06-24,663672
C0193,2025-06-03,492477
C0194,2025-01-24,590349
C0194,2025-05-05,356304
C0194,2025-11-09,1046295
C0195,2025-02-01,2363848
C0195,2025-02-21,948062
C0195,2025-04-14,614815
C0195,2025-10-21,909073
C0195,2025-11-12,128063
C0196,2025-01-21,100739
C0196,2025-02-23,148077
C0196,2025-02-24,355851
C0196,2025-05-01,837107
C0196,2025-06-16,545562
C0196,2025-08-26,150835
C0196,2025-10-20,96686
C0196,2025-11-02,330654
C0196,2025-11-13,566670
C0197,2025-05-05,560949
C0198,2024-09-27,265082
C0198,2025-07-20,303599
C0199,2025-01-25,98408
C0199,2025-07-02,251940
C0199,2025-09-05,26593
C0200,2024-10-18,118816
C0200,2025-08-03,138126
C0201,2025-05-27,1613126
C0201,2025-07-10,314641
C0201,2025-12-03,173758
C0202,2024-12-07,409901
C0202,2024-12-16,337101
C0202,2025-01-02,808902
C0202,2025-01-14,344306
C0202,2025-02-09,305224
C0202,2025-03-15,595583
C0202,2025-03-23,1667535
C0202,2025-04-22,454524
C0202,2025-06-05,384586
C0202,2025-07-03,950525
C0202,2025-07-05,503807
C0202,2025-08-03,1217476
C0202,2025-09-10,112014
C0202,2025-09-10,113864
C0202,2025-09-24,141475
C0202,2025-11-13,700857
C0202,2025-11-25,456729
C0202,2025-12-04,265381
C0202,2025-12-06,459532
C0203,2024-11-22,269371
C0203,2024-11-28,277191
C0203,2024-12-18,144454
C0203,2025-04-21,36882
C0203,2025-04-24,679250
C0203,2025-04-30,1968516
C0203,2025-05-16,360225
C0203,2025-06-25,1233367
C0203,2025-11-05,365869
C0203,2025-11-21,1188402
C0204,2025-09-06,837892
C0205,2025-07-16,589039
C0205,2025-10-04,262610
C0205,2025-10-22,269128
C0205,2025-11-10,1587165
C0206,2024-12-27,764694
C0206,2025-03-14,1073468
C0206,2025-03-25,35094
C0206,2025-04-11,360213
C0206,2025-05-13,175146
C0206,2025-07-03,37022
C0206,2025-08-06,461081
C0206,2025-08-09,1119781
C0206,2025-08-14,288879
C0206,2025-08-26,703545
C0206,2025-09-05,1397028
C0206,2025-09-25,411916
C0206,2025-10-04,1228921
C0206,2025-11-06,1136209
C0206,2025-11-27,685332
C0206,2025-12-11,130438
C0207,2025-01-10,400228
C0207,2025-01-13,739683
C0207,2025-01-21,599051
C0207,2025-02-23,108124
C0207,2025-05-19,358485
C0207,2025-06-22,70412
C0207,2025-07-01,108544
C0207,2025-07-14,1058917
C0207,2025-07-31,260890
C0207,2025-07-31,447264
C0207,2025-11-04,480912
C0207,2025-11-21,361559
C0208,2025-05-05,131763
C0208,2025-05-29,333712
C0208,2025-09-17,59526
C0208,2025-11-04,60916
C0208,2025-11-21,105215
C0209,2025-01-07,214976
C0209,2025-01-13,188578
C0209,2025-01-14,806411
C0209,2025-03-03,1129156
C0209,2025-03-20,558079
C0209,2025-03-27,904114
C0209,2025-04-03,529932
C0209,2025-04-23,267849
C0209,2025-05-16,123949
C0209,2025-05-31,919997
C0209,2025-05-31,2405483
C0209,2025-06-20,111824
C0209,2025-07-01,361007
C0209,2025-08-03,307568
C0209,2025-08-05,21359
C0209,2025-08-18,213752
C0209,2025-09-26,1633675
C0209,2025-10-19,488505
C0209,2025-11-03,366621
C0209,2025-11-13,126200
C0209,2025-11-27,821971
C0209,2025-12-01,257031
C0209,2025-12-18,199791
C0210,2024-12-24,117976
C0210,2025-01-01,113704
C0210,2025-01-16,252472
C0210,2025-06-19,10282
C0210,2025-07-02,654771
C0210,2025-08-17,413449
C0210,2025-09-07,233442
C0210,2025-09-08,1385127
C0210,2025-10-02,917907
C0210,2025-11-25,381145
C0210,2025-11-29,242294
C0210,2025-12-03,183212
C0211,2025-03-26,150892
C0211,2025-04-10,687318
C0211,2025-05-24,678006
C0211,2025-11-30,543853
C0212,2024-12-27,1856557
C0212,2025-03-22,378417
C0212,2025-12-07,437611
C0213,2025-07-21,107327
C0213,2025-07-31,285413
C0213,2025-08-05,563672
C0213,2025-10-30,469284
C0214,2025-06-24,1309998
C0214,2025-08-09,1051710
C0214,2025-09-30,1467695
C0214,2025-11-16,948326
C0215,2025-04-27,37219
C0215,2025-05-01,31019
C0215,2025-08-18,31760
C0216,2024-11-23,309196
C0216,2024-12-24,251786
C0216,2025-01-16,461708
C0216,2025-04-04,1163127
C0216,2025-04-13,708052
C0216,2025-07-07,284116
C0216,2025-09-09,410706
C0216,2025-10-20,980755
C0216,2025-10-31,564904
C0216,2025-11-01,505783
C0216,2025-11-15,516012
C0217,2025-01-02,1803277
C0217,2025-04-28,588448
C0217,2025-06-02,799336
C0217,2025-07-13,1051061
C0217,2025-12-02,411847
C0218,2025-06-02,1429336
C0219,2025-01-21,1034054
C0219,2025-07-15,622428
C0219,2025-11-03,799292
C0220,2025-04-16,122971
C0221,2025-01-30,219548
C0221,2025-02-26,59935
C0221,2025-02-27,888950
C0221,2025-03-15,437105
C0221,2025-12-20,484764
C0222,2024-12-15,465848
C0222,2025-10-15,945510
C0222,2025-11-07,1131061
C0223,2024-12-26,2522983
C0223,2025-01-10,312446
C0223,2025-07-07,859436
C0223,2025-07-19,644937
C0223,2025-08-10,508662
C0223,2025-09-13,499640
C0223,2025-10-14,1314846
C0223,2025-10-27,266209
C0223,2025-11-04,187673
C0223,2025-12-04,37671
C0223,2025-12-21,382195
C0224,2025-02-14,662365
C0224,2025-03-25,349055
C0224,2025-11-09,624687
C0225,2024-12-10,1285386
C0225,2025-01-01,316711
C0225,2025-05-09,1309485
C0225,2025-08-26,151084
C0225,2025-09-13,200636
C0225,2025-10-31,896992
C0225,2025-11-25,552222
C0225,2025-11-30,508659
C0226,2025-04-14,20682
C0226,2025-05-10,559377
C0226,2025-06-19,493451
C0226,2025-07-12,1597429
C0226,2025-07-21,579274
C0226,2025-08-06,279678
C0226,2025-09-12,110666
C0226,2025-11-18,976646
C0227,2025-11-24,649179
C0228,2025-10-16,1066349
C0229,2025-06-09,947332
C0230,2024-10-21,811718
C0230,2024-11-04,39911
C0230,2025-07-18,324964
C0230,2025-08-08,425839
C0230,2025-09-26,205111
C0231,2025-07-07,816143
C0232,2025-04-05,718282
C0232,2025-04-28,7343
C0232,2025-06-12,204987
C0232,2025-12-14,74291
C0233,2025-03-08,110475
C0233,2025-05-08,997160
C0233,2025-12-06,192594
C0233,2025-12-15,58783
C0234,2024-12-01,221683
C0234,2025-01-08,401660
C0234,2025-02-01,53867
C0234,2025-10-14,159338
C0234,2025-11-10,1211702
C0235,2024-12-03,781322
C0235,2025-01-15,152967
C0235,2025-01-22,1267944
C0235,2025-01-28,232747
C0235,2025-03-14,820551
C0235,2025-03-21,1119277
C0235,2025-05-24,72157
C0235,2025-06-09,667571
C0235,2025-08-19,138169
C0235,2025-09-14,691363
C0235,2025-09-17,450478
C0235,2025-09-25,51350
C0235,2025-11-02,213758
C0235,2025-11-27,186160
C0236,2025-01-02,414178
C0236,2025-09-11,357272
C0237,2024-12-11,153828
C0237,2025-03-21,59999
C0237,2025-04-19,164919
C0237,2025-05-15,234676
C0237,2025-05-24,310422
C0237,2025-05-28,437715
C0237,2025-06-13,25568
C0237,2025-06-16,155248
C0237,2025-07-25,263683
C0237,2025-08-07,96726
C0237,2025-08-22,37907
C0237,2025-08-25,38794
C0237,2025-09-08,51376
C0237,2025-11-24,143887
C0238,2025-02-19,531622
C0238,2025-03-02,1025210
C0238,2025-03-20,1768471
C0238,2025-04-19,292250
C0238,2025-04-26,83387
C0238,2025-04-29,331419
C0238,2025-05-01,175594
C0238,2025-05-08,732426
C0238,2025-05-11,127104
C0238,2025-05-24,450538
C0238,2025-06-25,175748
C0238,2025-07-02,359674
C0238,2025-07-23,476434
C0238,2025-08-04,831255
C0238,2025-08-09,479233
C0238,2025-09-01,264471
C0238,2025-09-24,951303
C0238,2025-10-13,504056
C0238,2025-11-19,292658
C0238,2025-12-18,849352
C0238,2025-12-19,599383
C0239,2025-05-11,201524
C0239,2025-06-24,716362
C0239,2025-09-30,376078
C0239,2025-10-02,86815
C0240,2024-12-29,119132
C0240,2025-02-14,417358
C0240,2025-02-16,14137
C0240,2025-03-09,65791
C0240,2025-04-27,464190
C0240,2025-07-26,649199
C0240,2025-07-27,414616
C0240,2025-11-16,78108
C0241,2025-01-31,444868
C0241,2025-09-18,268012
C0242,2025-02-01,517381
C0242,2025-04-10,575995
C0243,2024-08-06,128900
C0243,2024-08-10,420329
C0243,2025-07-07,99106
C0244,2025-02-14,167367
C0244,2025-03-22,108407
C0244,2025-09-11,425887
C0244,2025-11-27,677940
C0245,2025-01-18,1282973
C0245,2025-01-28,319574
C0245,2025-03-10,364937
C0245,2025-03-20,115404
C0245,2025-03-21,109741
C0245,2025-04-18,251212
C0245,2025-06-12,2137751
C0245,2025-06-16,246992
C0245,2025-09-10,743887
C0245,2025-09-29,478210
C0245,2025-10-19,225702
C0245,2025-11-10,1149396
C0245,2025-11-22,377006
C0245,2025-12-21,1464464
C0245,2025-12-23,1500658
C0246,2025-09-05,138967
C0246,2025-09-28,853140
C0247,2025-01-19,535796
C0247,2025-12-06,422991
C0248,2025-02-12,319093
C0248,2025-06-26,578009
C0249,2025-05-27,968440
C0250,2025-07-10,726071
C0251,2024-11-24,151780
C0251,2024-11-25,154948
C0251,2025-05-05,281739
C0251,2025-05-13,420376
C0251,2025-05-31,264692
C0251,2025-06-30,756727
C0251,2025-07-04,233168
C0251,2025-07-21,331753
C0251,2025-09-05,760020
C0251,2025-10-28,351278
C0251,2025-11-03,134020
C0251,2025-11-20,211929
C0252,2024-11-15,402257
C0252,2024-12-18,372807
C0252,2024-12-18,398163
C0252,2025-11-02,386736
C0253,2025-06-04,592335
C0254,2024-12-08,41883
C0254,2024-12-15,924852
C0254,2024-12-18,386444
C0254,2024-12-30,290562
C0254,2025-02-25,336268
C0254,2025-02-28,192587
C0254,2025-03-02,51119
C0254,2025-03-30,1387905
C0254,2025-04-20,29205
C0254,2025-08-04,198623
C0254,2025-08-22,485414
C0254,2025-09-14,227159
C0254,2025-11-08,161807
C0254,2025-11-15,316049
C0254,2025-12-06,298560
C0255,2025-04-13,1333358
C0255,2025-05-21,331788
C0255,2025-08-16,715311
C0255,2025-09-14,237074
C0255,2025-09-27,123344
C0255,2025-09-29,1196177
C0255,2025-12-01,530204
C0256,2024-12-19,167596
C0256,2025-02-23,260255
C0256,2025-03-31,268227
C0256,2025-11-22,231184
C0257,2025-10-10,874275
C0258,2025-04-06,913933
C0258,2025-06-01,133828
C0258,2025-07-27,141190
C0258,2025-11-10,92109
C0259,2025-03-07,119666
C0259,2025-12-05,281795
C0259,2025-12-20,522664
C0260,2024-12-19,573212
C0260,2025-01-20,206305
C0260,2025-01-22,1627123
C0260,2025-02-23,745998
C0260,2025-03-14,665720
C0260,2025-03-20,1043132
C0260,2025-05-02,1340588
C0260,2025-05-09,126304
C0260,2025-06-05,949218
C0260,2025-06-09,538196
C0260,2025-06-14,474837
C0260,2025-08-20,1216880
C0260,2025-08-30,139655
C0260,2025-12-16,362999
C0260,2025-12-17,319734
C0261,2024-11-30,308408
C0261,2025-04-13,48906
C0261,2025-10-24,21949
C0261,2025-11-11,547966
C0262,2024-11-24,567931
C0262,2025-07-11,92208
C0263,2025-02-19,275656
C0263,2025-02-28,2282458
C0263,2025-03-20,855864
C0263,2025-05-16,418079
C0263,2025-06-01,166778
C0263,2025-11-25,188047
C0263,2025-12-01,139316
C0263,2025-12-13,67614
C0264,2025-03-15,196756
C0264,2025-04-19,78972
C0264,2025-06-05,185010
C0264,2025-10-16,41652
C0265,2025-07-19,908666
C0266,2025-06-18,793951
C0266,2025-09-09,221961
C0267,2025-05-12,658988
C0267,2025-07-26,630405
C0267,2025-08-24,683542
C0267,2025-10-24,281234
C0268,2024-09-21,592789
C0268,2025-09-04,215949
C0269,2025-06-11,512911
C0269,2025-07-19,363898
C0269,2025-11-20,528449
C0270,2025-02-18,1865329
C0270,2025-11-15,470522
C0271,2025-03-26,710756
C0272,2025-04-28,1315354
C0273,2025-08-19,444202
C0273,2025-09-18,83857
C0274,2025-06-03,1655722
C0275,2025-04-25,552941
C0275,2025-06-06,164440
C0275,2025-10-19,318102
C0275,2025-11-11,200021
C0276,2024-12-25,152147
C0276,2025-04-06,493959
C0276,2025-05-03,132115
C0276,2025-09-03,554223
C0276,2025-11-25,137943
C0277,2025-02-16,1243924
C0277,2025-05-16,102866
C0278,2024-11-21,454223
C0278,2025-11-08,741869
C0278,2025-11-15,356610
C0279,2025-07-22,933604
C0280,2025-08-28,1493773
C0281,2025-05-14,667093
C0282,2025-02-18,243360
C0282,2025-03-12,317329
C0282,2025-03-13,431047
C0282,2025-03-23,250758
C0282,2025-04-12,869920
C0282,2025-05-03,1219071
C0282,2025-05-03,625743
C0282,2025-05-04,66346
C0282,2025-05-26,329785
C0282,2025-08-16,505409
C0282,2025-10-15,435316
C0282,2025-10-26,902429
C0282,2025-11-20,450554
C0282,2025-11-27,130813
C0283,2025-04-25,1102139
C0283,2025-06-08,495108
C0283,2025-11-30,501740
C0284,2024-12-16,529406
C0284,2024-12-25,734755
C0284,2025-02-01,118041
C0284,2025-02-28,197539
C0284,2025-03-26,256882
C0284,2025-04-18,345723
C0284,2025-06-23,108369
C0284,2025-06-23,249298
C0284,2025-07-08,577353
C0284,2025-07-08,1234739
C0284,2025-08-03,88077
C0284,2025-08-05,104854
C0284,2025-08-09,122511
C0284,2025-09-11,471253
C0284,2025-09-17,95450
C0284,2025-09-17,241472
C0284,2025-10-06,219313
C0284,2025-10-08,1313495
C0284,2025-11-22,161372
C0284,2025-12-08,151986
C0284,2025-12-08,470926
C0284,2025-12-12,363215
C0285,2025-02-21,1480965
C0285,2025-11-01,535610
C0286,2025-02-14,1069732
C0286,2025-03-02,200366
C0286,2025-03-25,770953
C0286,2025-04-28,409828
C0286,2025-06-04,2853262
C0286,2025-07-13,139006
C0286,2025-07-14,1959161
C0286,2025-07-24,85138
C0286,2025-08-09,251810
C0286,2025-09-19,82350
C0286,2025-10-25,393511
C0286,2025-11-24,538345
C0286,2025-11-30,344275
C0286,2025-12-14,942098
C0286,2025-12-18,542203
C0287,2025-10-09,582656
C0287,2025-11-01,740112
C0288,2024-11-06,268899
C0288,2025-11-05,579398
C0289,2024-11-28,294782
C0289,2025-03-07,511785
C0289,2025-03-21,227691
C0289,2025-06-08,426656
C0289,2025-11-26,763649
C0290,2024-12-13,785676
C0290,2025-08-14,416915
C0290,2025-09-19,295042
C0290,2025-10-15,352806
C0290,2025-10-29,140191
C0291,2025-01-06,626694
C0291,2025-03-07,342030
C0291,2025-03-09,1247346
C0291,2025-04-01,275521
C0291,2025-04-13,1701860
C0291,2025-04-18,273949
C0291,2025-04-23,410195
C0291,2025-04-29,68228
C0291,2025-05-04,1703880
C0291,2025-06-02,1513769
C0291,2025-06-14,154309
C0291,2025-07-21,535831
C0291,2025-08-15,492175
C0291,2025-09-13,451021
C0291,2025-10-23,2922276
C0291,2025-10-25,445038
C0291,2025-11-16,291642
C0291,2025-12-03,81222
C0291,2025-12-19,308371
C0292,2025-01-06,1451068
C0292,2025-04-25,277804
C0292,2025-06-09,386652
C0292,2025-10-14,1407507
C0292,2025-10-18,413579
C0292,2025-10-24,4097418
C0292,2025-11-17,2051451
C0292,2025-12-05,824916
C0292,2025-12-10,1288409
C0293,2024-10-31,666783
C0293,2025-09-18,777630
C0294,2025-01-30,267300
C0294,2025-04-28,143825
C0294,2025-07-07,941621
C0294,2025-11-21,319776
C0295,2024-12-30,481949
C0295,2025-01-09,240613
C0295,2025-01-10,367663
C0295,2025-03-15,1401881
C0295,2025-04-06,274338
C0295,2025-05-16,143899
C0295,2025-05-19,945190
C0295,2025-05-22,542761
C0295,2025-06-01,285838
C0295,2025-06-10,313860
C0295,2025-07-08,33208
C0295,2025-07-18,336852
C0295,2025-10-29,1302133
C0295,2025-11-17,208623
C0296,2025-04-01,1228939
C0296,2025-07-25,781893
C0296,2025-11-21,511094
C0297,2025-11-24,884842
C0298,2024-11-26,36697
C0298,2024-12-25,22121
C0298,2024-12-31,35688
C0298,2025-01-04,55963
C0298,2025-03-27,183343
C0298,2025-05-24,11962
C0298,2025-05-25,23603
C0298,2025-06-11,239753
C0298,2025-07-05,75524
C0298,2025-07-27,114251
C0298,2025-08-15,330752
C0298,2025-11-14,77607
C0298,2025-11-22,73449
C0298,2025-11-24,116134
C0299,2025-09-10,1142298
C0299,2025-11-02,584593
C0300,2024-12-15,733061
C0300,2025-01-12,366337
C0300,2025-02-18,756897
C0300,2025-03-05,536683
C0300,2025-04-15,292528
C0300,2025-04-23,1365584
C0300,2025-04-23,664469
C0300,2025-05-17,349811
C0300,2025-05-22,335801
C0300,2025-05-30,122210
C0300,2025-06-10,38975
C0300,2025-06-18,195435
C0300,2025-06-22,489768
C0300,2025-06-23,169773
C0300,2025-06-27,225073
C0300,2025-07-07,315307
C0300,2025-08-06,1208639
C0300,2025-08-26,78529
C0300,2025-09-14,122862
C0300,2025-11-02,919999
C0300,2025-12-08,252931
C0300,2025-12-14,182721
C0301,2025-01-18,511443
C0301,2025-02-01,575640
C0301,2025-03-23,178275
C0301,2025-03-25,70754
C0301,2025-04-04,391049
C0301,2025-04-06,42972
C0301,2025-04-20,1620039
C0301,2025-05-25,611853
C0301,2025-07-16,568167
C0301,2025-07-25,703047
C0301,2025-08-09,520543
C0301,2025-09-11,298949
C0301,2025-10-02,306356
C0301,2025-11-02,651997
C0301,2025-11-05,685338
C0301,2025-11-10,95017
C0301,2025-11-17,213583
C0301,2025-11-26,262128
C0301,2025-11-26,533228
C0301,2025-12-20,112558
C0301,2025-12-21,99659
C0301,2025-12-25,56153
C0302,2025-09-19,297091
C0302,2025-12-07,1101422
C0303,2025-03-28,479257
C0303,2025-07-19,982730
C0303,2025-07-30,931733
C0303,2025-11-08,115009
C0304,2025-03-10,972446
C0304,2025-03-23,395584
C0304,2025-09-16,201052
C0304,2025-11-25,446157
C0305,2025-03-20,932154
C0306,2025-06-05,1264954
C0307,2025-03-06,930765
C0307,2025-04-09,1444473
C0307,2025-11-08,1027165
C0308,2025-03-21,263782
C0308,2025-04-14,279159
C0308,2025-09-22,397033
C0308,2025-11-06,409988
C0308,2025-12-30,225177
C0309,2025-06-07,675456
C0310,2025-04-25,347990
C0310,2025-07-23,1358407
C0310,2025-08-02,2354728
C0310,2025-12-11,222246
C0311,2025-08-10,478601
C0311,2025-10-01,592399
C0311,2025-10-15,292451
C0311,2025-10-25,348072
C0311,2025-12-08,273679
C0312,2024-12-28,1145776
C0312,2025-01-04,959293
C0312,2025-02-05,159201
C0312,2025-02-10,708876
C0312,2025-04-08,171146
C0312,2025-04-16,28518
C0312,2025-04-20,405082
C0312,2025-05-02,130742
C0312,2025-05-13,185492
C0312,2025-05-14,111836
C0312,2025-06-05,1260809
C0312,2025-06-27,406935
C0312,2025-06-29,260790
C0312,2025-07-15,108358
C0312,2025-08-01,360031
C0312,2025-10-05,738963
C0312,2025-10-16,437431
C0312,2025-11-02,855868
C0312,2025-11-20,1378479
C0312,2025-12-11,282892
C0312,2025-12-16,197814
C0312,2025-12-18,1330208
C0313,2024-12-28,296116
C0313,2024-12-31,848009
C0313,2025-01-23,1162978
C0313,2025-01-27,416614
C0313,2025-04-02,1886390
C0313,2025-04-07,600285
C0313,2025-04-29,41281
C0313,2025-12-17,111361
C0314,2025-07-03,612976
C0315,2024-06-11,366739
C0315,2025-06-07,172294
C0316,2024-12-02,1431984
C0316,2025-03-17,727293
C0316,2025-07-25,309477
C0316,2025-11-01,759477
C0317,2024-11-26,38247
C0317,2025-04-02,2074575
C0317,2025-11-08,509754
C0318,2025-03-04,296732
C0318,2025-04-24,456346
C0318,2025-06-16,65615
C0318,2025-07-07,458520
C0318,2025-07-08,232714
C0318,2025-07-10,1056561
C0318,2025-08-16,398811
C0318,2025-09-10,214010
C0318,2025-10-26,169204
C0318,2025-11-04,832442
C0319,2025-03-05,2293386
C0319,2025-06-11,419498
C0319,2025-10-04,422914
C0319,2025-11-19,145885
C0319,2025-12-20,604168
C0320,2024-12-18,1431057
C0320,2025-03-14,158507
C0320,2025-03-27,391944
C0320,2025-04-15,1372973
C0320,2025-05-24,309592
C0320,2025-08-28,374469
C0320,2025-11-20,401433
C0321,2025-05-30,620081
C0321,2025-07-04,545212
C0321,2025-11-02,74199
C0321,2025-11-24,230234
C0322,2025-04-29,369687
C0322,2025-10-07,351413
C0323,2025-02-11,189865
C0323,2025-03-23,322557
C0323,2025-06-18,315119
C0323,2025-10-31,996042
C0324,2025-01-18,53315
C0324,2025-01-30,452671
C0324,2025-04-28,294938
C0324,2025-05-04,192374
C0324,2025-05-07,668955
C0324,2025-07-17,64565
C0324,2025-08-05,223554
C0324,2025-08-08,255548
C0324,2025-08-10,731307
C0324,2025-11-26,172610
C0325,2024-07-13,495009
C0325,2025-01-13,250011
C0325,2025-06-11,465330
C0326,2025-07-23,820944
C0327,2024-10-26,67056
C0327,2024-10-29,158706
C0327,2024-11-13,246033
C0327,2025-04-22,219519
C0327,2025-10-20,95597
C0328,2024-12-24,464186
C0328,2025-07-30,721452
C0328,2025-10-20,983933
C0329,2024-11-23,306804
C0329,2025-06-22,520704
C0329,2025-07-07,503005
C0329,2025-11-12,368305
C0330,2024-12-07,485725
C0330,2025-01-13,38379
C0330,2025-04-15,482711
C0330,2025-07-04,1106099
C0330,2025-08-02,145733
C0330,2025-11-30,1290567
C0331,2025-07-04,924813
C0331,2025-09-21,459123
C0331,2025-11-28,579011
C0332,2025-06-09,282547
C0333,2024-12-16,400224
C0333,2025-01-04,108647
C0333,2025-01-11,95174
C0333,2025-01-23,308173
C0333,2025-03-19,65815
C0333,2025-03-26,509114
C0333,2025-03-26,1069411
C0333,2025-03-29,268323
C0333,2025-04-03,197692
C0333,2025-04-05,242899
C0333,2025-04-26,320963
C0333,2025-04-27,202293
C0333,2025-05-03,654746
C0333,2025-05-14,405920
C0333,2025-05-23,287632
C0333,2025-06-15,198314
C0333,2025-07-18,79350
C0333,2025-08-17,367681
C0333,2025-08-31,426208
C0333,2025-09-17,130194
C0333,2025-09-22,640936
C0333,2025-11-25,238158
C0333,2025-11-29,432604
C0333,2025-12-06,341031
C0333,2025-12-13,96106
C0334,2025-02-15,541170
C0334,2025-02-21,348398
C0334,2025-06-07,492327
C0334,2025-06-17,463362
C0334,2025-06-26,1712951
C0334,2025-08-07,660715
C0334,2025-11-03,393981
C0334,2025-11-30,247829
C0335,2025-01-17,823975
C0335,2025-03-05,44940
C0335,2025-04-09,340255
C0335,2025-04-17,865171
C0335,2025-04-26,1318814
C0335,2025-05-16,179683
C0335,2025-06-08,585716
C0335,2025-06-23,122820
C0335,2025-06-27,47510
C0335,2025-07-15,51831
C0335,2025-10-03,777765
C0335,2025-10-05,193435
C0335,2025-10-26,157289
C0335,2025-11-20,530077
C0335,2025-11-23,68010
C0335,2025-11-24,427935
C0335,2025-12-11,230949
C0335,2025-12-15,1227356
C0336,2025-01-29,3444077
C0336,2025-02-01,744106
C0336,2025-02-21,489473
C0336,2025-03-12,398432
C0336,2025-03-24,1085235
C0336,2025-05-10,716748
C0336,2025-05-14,304830
C0336,2025-05-22,2217005
C0336,2025-10-04,208603
C0336,2025-11-11,185193
C0336,2025-12-05,537342
C0336,2025-12-13,934183
C0337,2025-07-05,714379
C0338,2025-04-13,267949
C0338,2025-06-22,304601
C0339,2025-03-26,238967
C0339,2025-04-08,1068677
C0339,2025-10-26,45224
C0340,2025-01-05,1213288
C0340,2025-01-19,1561052
C0340,2025-02-15,352007
C0340,2025-05-16,295082
C0340,2025-05-21,464330
C0340,2025-06-13,466306
C0340,2025-06-15,435936
C0340,2025-07-09,1292053
C0340,2025-07-28,438074
C0340,2025-08-09,424550
C0340,2025-08-14,388729
C0340,2025-08-19,885458
C0340,2025-08-30,134606
C0340,2025-09-20,1055863
C0340,2025-09-27,423109
C0340,2025-12-06,99403
C0341,2025-02-20,148959
C0341,2025-03-08,292742
C0341,2025-08-12,624471
C0341,2025-11-16,454632
C0342,2024-12-18,1074722
C0342,2025-01-25,1488625
C0342,2025-06-08,46941
C0342,2025-10-25,364588
C0343,2025-01-17,1215371
C0343,2025-01-24,407452
C0343,2025-04-05,660200
C0343,2025-04-28,529659
C0343,2025-09-12,218040
C0343,2025-09-14,969561
C0343,2025-11-22,418274
C0344,2025-01-24,733351
C0344,2025-05-17,80451
C0344,2025-11-03,263865
C0345,2025-05-09,1591581
C0345,2025-12-30,524816
C0346,2025-11-14,1536088
C0347,2025-07-12,63779
C0347,2025-08-01,643289
C0347,2025-11-22,474857
C0348,2025-01-21,231041
C0348,2025-03-02,191626
C0348,2025-03-06,1044045
C0348,2025-03-26,322093
C0348,2025-04-02,148072
C0348,2025-04-07,286756
C0348,2025-04-14,67110
C0348,2025-05-25,85630
C0348,2025-07-10,356217
C0348,2025-07-17,487867
C0348,2025-07-18,373778
C0348,2025-09-09,369309
C0348,2025-09-23,541967
C0348,2025-10-31,284105
C0348,2025-11-27,103524
C0348,2025-12-05,995289
C0348,2025-12-07,155761
C0348,2025-12-25,118733
C0349,2024-12-15,623937
C0349,2025-04-10,745061
C0349,2025-08-01,493731
C0349,2025-11-16,272404
C0350,2025-02-26,199528
C0350,2025-05-07,329005
C0350,2025-09-15,115175
C0350,2025-11-13,637243
C0351,2024-11-21,786853
C0351,2025-05-09,57302
C0351,2025-10-19,1404696
C0352,2025-03-14,1209059
C0352,2025-07-04,139402
C0353,2025-10-18,1630233
C0354,2024-11-30,574816
C0354,2024-12-28,11982
C0354,2025-01-12,112992
C0354,2025-02-27,243913
C0354,2025-03-28,786146
C0354,2025-09-28,513431
C0354,2025-10-20,581886
C0354,2025-10-22,255125
C0354,2025-10-27,860087
C0354,2025-11-07,713235
C0355,2024-12-29,528931
C0355,2025-01-22,1032959
C0355,2025-01-23,260978
C0355,2025-02-05,294125
C0355,2025-02-10,320732
C0355,2025-02-15,293003
C0355,2025-03-02,86149
C0355,2025-03-15,172279
C0355,2025-03-23,991657
C0355,2025-04-22,398302
C0355,2025-05-17,276277
C0355,2025-05-24,975047
C0355,2025-06-09,1144412
C0355,2025-06-28,190496
C0355,2025-07-07,400782
C0355,2025-08-24,53337
C0355,2025-09-25,35875
C0355,2025-11-19,236697
C0355,2025-12-01,79981
C0355,2025-12-09,172540
C0355,2025-12-24,368372
C0356,2025-02-12,314909
C0356,2025-05-27,34497
C0356,2025-08-18,544697
C0356,2025-11-08,985343
C0357,2025-01-13,749097
C0357,2025-01-22,173783
C0357,2025-02-08,424832
C0357,2025-02-14,321198
C0357,2025-03-20,353363
C0357,2025-03-28,476668
C0357,2025-04-05,171256
C0357,2025-04-11,890135
C0357,2025-04-25,117286
C0357,2025-04-27,24762
C0357,2025-05-13,203424
C0357,2025-05-13,554596
C0357,2025-05-22,147893
C0357,2025-07-09,436267
C0357,2025-08-22,256125
C0357,2025-10-03,737452
C0357,2025-10-18,138035
C0357,2025-11-25,490435
C0357,2025-12-18,202800
C0357,2025-12-22,158817
C0358,2024-12-21,1092665
C0358,2025-05-15,133778
C0358,2025-11-01,418319
C0358,2025-11-16,356181
C0359,2025-08-17,1750918
C0360,2024-11-29,472238
C0360,2024-12-05,232897
C0360,2025-01-21,542614
C0360,2025-10-21,219888
C0361,2025-05-08,484027
C0361,2025-05-28,371959
C0361,2025-10-28,974914
C0362,2025-04-26,514085
C0362,2025-05-09,124489
C0362,2025-07-26,152230
C0362,2025-11-09,650067
C0363,2025-03-04,57758
C0363,2025-05-11,1192888
C0363,2025-05-21,258112
C0363,2025-10-28,300549
C0363,2025-12-07,275108
C0364,2024-11-12,312330
C0364,2025-01-29,170115
C0364,2025-05-17,1283363
C0364,2025-10-20,150215
C0365,2025-10-02,789105
C0366,2025-08-05,217185
C0366,2025-08-25,108472
C0366,2025-09-29,88345
C0366,2025-11-14,288053
C0367,2025-04-22,16495
C0367,2025-06-14,460204
C0368,2025-03-07,1239588
C0369,2025-02-18,290331
C0369,2025-03-09,240205
C0369,2025-03-11,953272
C0369,2025-03-23,596246
C0369,2025-04-13,459850
C0369,2025-05-03,98744
C0369,2025-08-26,185688
C0369,2025-08-29,531429
C0369,2025-09-10,642511
C0369,2025-12-18,607273
C0370,2025-01-07,599668
C0370,2025-02-14,40791
C0370,2025-04-01,67855
C0370,2025-05-03,756538
C0370,2025-06-06,95247
C0370,2025-06-10,94299
C0370,2025-06-25,225639
C0370,2025-07-13,87722
C0370,2025-10-02,496733
C0370,2025-10-18,117321
C0370,2025-10-24,117226
C0370,2025-11-09,684533
C0370,2025-11-16,217086
C0370,2025-11-18,406004
C0370,2025-12-07,188674
C0370,2025-12-20,86323
C0370,2025-12-29,177852
C0371,2025-01-27,230324
C0371,2025-04-13,45002
C0371,2025-04-19,117050
C0371,2025-06-03,234172
C0371,2025-06-30,94020
C0371,2025-07-02,13081
C0371,2025-07-18,26674
C0371,2025-07-28,235313
C0371,2025-08-17,154225
C0371,2025-09-12,179001
C0371,2025-10-06,422151
C0371,2025-11-10,316266
C0372,2025-02-11,34453
C0372,2025-02-13,274667
C0372,2025-02-17,601666
C0372,2025-03-12,48467
C0372,2025-03-19,897347
C0372,2025-03-24,429991
C0372,2025-04-09,1660906
C0372,2025-05-11,156960
C0372,2025-06-22,725472
C0372,2025-07-18,174834
C0372,2025-07-21,259790
C0372,2025-08-13,127624
C0372,2025-08-16,248767
C0372,2025-09-08,539254
C0372,2025-09-29,920924
C0372,2025-09-30,101777
C0372,2025-10-01,296466
C0372,2025-10-16,145251
C0372,2025-10-17,310351
C0372,2025-12-01,603563
C0372,2025-12-06,158224
C0372,2025-12-14,373197
C0372,2025-12-18,94813
C0372,2025-12-30,643004
C0373,2024-12-10,215536
C0373,2024-12-15,49709
C0373,2024-12-30,257415
C0373,2025-01-02,258683
C0373,2025-01-08,261633
C0373,2025-03-08,1226477
C0373,2025-04-16,790639
C0373,2025-04-25,1482055
C0373,2025-06-01,497398
C0373,2025-06-09,372277
C0373,2025-06-25,345284
C0373,2025-06-30,350621
C0373,2025-07-13,423591
C0373,2025-09-05,1349698
C0373,2025-11-02,681687
C0373,2025-11-05,618485
C0373,2025-12-07,182927
C0374,2025-06-11,485026
C0374,2025-08-26,793835
C0374,2025-09-14,449679
C0374,2025-10-02,130861
C0374,2025-11-23,563733
C0375,2025-01-07,117704
C0375,2025-01-16,207645
C0375,2025-01-26,205684
C0375,2025-01-31,407940
C0375,2025-02-18,509890
C0375,2025-02-24,78062
C0375,2025-03-05,1354847
C0375,2025-03-06,405323
C0375,2025-03-11,608436
C0375,2025-03-19,302232
C0375,2025-05-21,581247
C0375,2025-06-18,354355
C0375,2025-06-19,319278
C0375,2025-07-25,69919
C0375,2025-09-01,639873
C0375,2025-09-10,197937
C0375,2025-09-30,137073
C0375,2025-10-14,237145
C0375,2025-10-15,192455
C0375,2025-10-29,24313
C0375,2025-11-26,1159566
C0375,2025-11-28,874617
C0375,2025-12-21,347261
C0376,2025-03-10,545611
C0376,2025-04-27,631621
C0376,2025-05-02,2394234
C0376,2025-07-31,173766
C0376,2025-11-30,2363894
C0377,2025-05-09,702035
C0378,2024-12-23,488446
C0378,2025-02-03,642066
C0378,2025-02-23,28319
C0378,2025-04-17,175104
C0378,2025-04-23,139558
C0378,2025-04-24,1234544
C0378,2025-05-07,361454
C0378,2025-05-10,49822
C0378,2025-06-07,87093
C0378,2025-06-17,31633
C0378,2025-06-19,266878
C0378,2025-06-24,194537
C0378,2025-07-05,157730
C0378,2025-07-13,47187
C0378,2025-08-28,90329
C0378,2025-09-04,195505
C0378,2025-09-09,200999
C0378,2025-09-22,362624
C0378,2025-09-28,19502
C0378,2025-10-01,417899
C0378,2025-10-03,104849
C0378,2025-10-12,271969
C0378,2025-12-04,670700
C0378,2025-12-19,182490
C0379,2025-07-21,1048199
C0380,2024-12-21,1281889
C0380,2025-02-17,936421
C0380,2025-02-19,320399
C0380,2025-03-07,182025
C0380,2025-05-20,219494
C0380,2025-06-09,453625
C0380,2025-06-12,268967
C0380,2025-08-19,215889
C0380,2025-08-19,428800
C0380,2025-09-12,306892
C0380,2025-11-24,592691
C0381,2024-11-29,299388
C0381,2024-12-06,231649
C0381,2024-12-22,669766
C0381,2025-02-17,1165672
C0381,2025-05-14,63945
C0381,2025-07-28,323537
C0381,2025-10-23,66115
C0381,2025-11-20,637184
C0381,2025-11-28,190110
C0382,2024-11-16,1542892
C0382,2025-01-10,164888
C0382,2025-10-01,323068
C0383,2025-05-07,805360
C0383,2025-06-25,327531
C0383,2025-07-31,209184
C0383,2025-11-29,509040
C0384,2025-04-30,421177
C0385,2024-08-19,503394
C0385,2025-02-11,944785
C0385,2025-05-27,86129
C0386,2025-02-08,383803
C0386,2025-05-18,732829
C0387,2025-03-25,681452
C0387,2025-03-29,261777
C0387,2025-04-25,331455
C0387,2025-05-11,241972
C0387,2025-05-31,324623
C0387,2025-07-22,121751
C0387,2025-08-07,89953
C0387,2025-12-10,1501618
C0388,2025-04-15,324179
C0388,2025-06-25,830717
C0388,2025-07-06,204363
C0388,2025-09-12,107464
C0388,2025-12-03,599901
C0388,2025-12-12,330462
C0389,2025-03-24,232421
C0389,2025-06-20,492683
C0390,2025-08-23,1162746
C0391,2025-11-02,1671179
C0392,2025-02-07,779081
C0392,2025-05-15,284579
C0392,2025-06-10,1059701
C0392,2025-11-25,171227
C0392,2025-11-29,61321
C0393,2025-08-07,1821963
C0393,2025-11-24,387873
C0394,2025-05-31,1018500
C0395,2024-11-14,61743
C0395,2024-12-22,105304
C0395,2025-01-25,1170249
C0395,2025-02-05,192895
C0395,2025-02-20,772560
C0395,2025-03-19,364404
C0395,2025-04-09,310826
C0395,2025-04-18,246695
C0395,2025-04-22,470219
C0395,2025-06-18,378204
C0395,2025-09-20,203496
C0395,2025-09-25,135466
C0395,2025-09-26,209449
C0395,2025-09-29,240492
C0395,2025-10-13,164567
C0395,2025-10-30,96058
C0395,2025-11-12,255549
C0396,2025-07-12,514600
C0397,2025-06-26,901237
C0398,2024-12-14,2350372
C0398,2025-11-09,403915
C0399,2024-10-21,50973
C0399,2025-07-23,912449
C0400,2025-06-19,539024
C0401,2025-02-21,396478
C0401,2025-04-02,1275704
C0401,2025-10-15,1552187
C0401,2025-11-24,958228
C0402,2025-08-16,973984
C0403,2025-02-24,771585
C0403,2025-06-24,197693
C0403,2025-10-24,774235
C0404,2025-05-22,1187357
C0405,2024-11-20,548794
C0405,2025-03-13,726768
C0405,2025-05-30,293416
C0405,2025-06-06,876563
C0405,2025-06-20,1491635
C0405,2025-06-26,135547
C0405,2025-11-06,276986
C0406,2025-08-16,473588
C0407,2025-04-17,391929
C0407,2025-07-09,769899
C0407,2025-12-10,1757934
C0408,2025-01-12,148094
C0408,2025-03-05,696232
C0408,2025-03-07,602962
C0408,2025-03-14,644297
C0408,2025-03-22,423904
C0408,2025-03-24,1583358
C0408,2025-05-06,1497707
C0408,2025-05-07,854504
C0408,2025-05-15,145425
C0408,2025-06-22,131246
C0408,2025-06-24,26091
C0408,2025-06-28,212259
C0408,2025-08-23,145265
C0408,2025-08-27,905483
C0408,2025-09-03,399404
C0408,2025-09-10,320778
C0408,2025-09-11,498881
C0408,2025-10-29,576107
C0408,2025-10-29,292561
C0408,2025-11-04,415875
C0408,2025-11-24,981401
C0408,2025-12-07,1128016
C0408,2025-12-14,142150
C0409,2025-08-30,1116347
C0410,2025-01-09,602741
C0410,2025-02-06,519483
C0410,2025-02-22,232469
C0410,2025-03-14,79731
C0410,2025-05-19,343968
C0410,2025-05-21,427500
C0410,2025-06-09,414048
C0410,2025-08-24,506500
C0410,2025-11-05,384047
C0410,2025-11-16,757032
C0410,2025-11-24,2328760
C0410,2025-12-01,94070
C0410,2025-12-30,1060107
C0411,2024-12-19,185029
C0411,2025-02-27,290902
C0411,2025-07-05,454385
C0411,2025-07-28,642930
C0411,2025-11-05,1119229
C0412,2024-09-29,45901
C0412,2025-07-08,234251
C0412,2025-08-22,152291
C0412,2025-08-23,66915
C0413,2025-05-08,973795
C0414,2025-04-28,865236
C0414,2025-06-30,517441
C0414,2025-07-29,277042
C0414,2025-11-02,332238
C0415,2025-05-22,466938
C0415,2025-12-10,269146
C0416,2025-04-20,466622
C0416,2025-06-29,102355
C0416,2025-08-07,593112
C0416,2025-12-14,377143
C0417,2025-01-15,333647
C0417,2025-02-22,26552
C0417,2025-03-18,157025
C0417,2025-04-04,332237
C0417,2025-05-10,31133
C0417,2025-06-21,141360
C0417,2025-08-19,355723
C0417,2025-09-26,9698
C0417,2025-10-19,207957
C0417,2025-11-09,100982
C0418,2025-02-11,469061
C0418,2025-02-20,723252
C0418,2025-02-24,310382
C0418,2025-03-29,79110
C0418,2025-04-21,463178
C0418,2025-04-29,202019
C0418,2025-06-26,572011
C0418,2025-06-28,281301
C0418,2025-08-10,334395
C0418,2025-08-12,651873
C0418,2025-10-03,703418
C0418,2025-12-03,232709
C0418,2025-12-08,27422
C0419,2024-12-07,1514270
C0419,2025-03-01,464587
C0419,2025-06-26,36184
C0419,2025-11-19,151697
C0420,2024-12-25,80219
C0420,2025-03-31,142762
C0420,2025-08-02,195502
C0421,2025-05-08,613393
C0421,2025-09-04,400418
C0422,2025-07-10,761337
C0423,2025-01-18,376733
C0423,2025-02-25,269318
C0423,2025-03-04,73915
C0423,2025-04-05,1142984
C0423,2025-05-06,458866
C0423,2025-06-16,1014437
C0423,2025-06-27,718395
C0423,2025-07-30,461463
C0423,2025-08-07,398268
C0423,2025-08-25,535343
C0423,2025-10-09,916570
C0423,2025-11-10,12767
C0423,2025-11-26,895572
C0423,2025-12-27,836421
C0424,2025-01-05,953654
C0424,2025-04-05,536405
C0424,2025-11-19,277362
C0425,2024-12-26,343625
C0425,2025-01-04,187391
C0425,2025-01-08,1281504
C0425,2025-02-19,333716
C0425,2025-03-05,855129
C0425,2025-03-13,424004
C0425,2025-03-19,274945
C0425,2025-04-10,136466
C0425,2025-04-19,455209
C0425,2025-04-26,111877
C0425,2025-04-27,375748
C0425,2025-05-26,466487
C0425,2025-05-30,264105
C0425,2025-07-06,616066
C0425,2025-08-04,196106
C0425,2025-08-06,686922
C0425,2025-09-12,849270
C0425,2025-11-06,443829
C0425,2025-11-07,606068
C0425,2025-11-18,516517
C0425,2025-12-06,440705
C0425,2025-12-09,439696
C0425,2025-12-10,96126
C0425,2025-12-20,736458
C0425,2025-12-23,312915
C0426,2025-03-08,675304
C0426,2025-05-17,186086
C0426,2025-10-29,329480
C0426,2025-11-04,20162
C0427,2025-04-12,258983
C0427,2025-05-08,57655
C0427,2025-10-12,239023
C0427,2025-11-01,860909
C0427,2025-12-05,456357
C0428,2025-07-17,827430
C0429,2025-11-27,1339645
C0429,2025-12-10,604631
C0430,2025-01-26,512653
C0430,2025-03-31,1102507
C0430,2025-08-21,1002014
C0430,2025-09-17,400686
C0430,2025-11-13,576962
C0431,2024-11-27,295644
C0431,2025-01-05,128418
C0431,2025-01-23,837656
C0431,2025-02-22,191329
C0431,2025-06-15,459227
C0431,2025-07-17,302878
C0431,2025-08-01,340711
C0431,2025-09-21,315219
C0431,2025-11-06,247557
C0431,2025-11-16,887160
C0432,2025-11-09,358203
C0433,2024-10-27,425051
C0433,2024-12-20,274054
C0433,2025-02-04,559116
C0433,2025-02-25,86631
C0433,2025-03-05,233444
C0433,2025-10-03,279925
C0434,2025-03-07,978214
C0434,2025-11-10,5830478
C0435,2025-01-20,1054813
C0435,2025-03-07,157462
C0435,2025-04-09,1864087
C0435,2025-05-17,720880
C0435,2025-07-15,110748
C0435,2025-07-22,423237
C0435,2025-08-12,586460
C0435,2025-09-21,654759
C0435,2025-10-12,355405
C0435,2025-10-19,249204
C0435,2025-11-03,91631
C0435,2025-11-17,86451
C0435,2025-12-02,706563
C0435,2025-12-05,927385
C0435,2025-12-17,242145
C0436,2024-11-24,469689
C0436,2025-03-19,111653
C0436,2025-09-18,295532
C0437,2024-12-28,707698
C0437,2025-03-04,242141
C0437,2025-03-05,96667
C0437,2025-03-09,268130
C0437,2025-04-18,155038
C0437,2025-04-22,481279
C0437,2025-04-28,718950
C0437,2025-05-27,698624
C0437,2025-05-31,1003388
C0437,2025-06-05,732805
C0437,2025-06-08,265697
C0437,2025-08-02,118670
C0437,2025-08-20,112916
C0437,2025-08-28,35037
C0437,2025-10-17,72761
C0437,2025-10-26,401605
C0437,2025-11-12,40607
C0437,2025-11-12,447502
C0437,2025-12-04,183345
C0437,2025-12-15,345559
C0438,2024-11-16,49305
C0438,2025-07-29,128362
C0438,2025-09-08,865132
C0439,2025-06-04,825354
C0440,2025-02-06,127003
C0440,2025-03-10,64249
C0440,2025-03-22,1021648
C0440,2025-03-23,1010299
C0440,2025-04-14,165971
C0440,2025-04-16,357562
C0440,2025-05-14,140830
C0440,2025-06-26,428604
C0440,2025-07-08,559339
C0440,2025-07-30,423406
C0440,2025-08-14,147156
C0440,2025-08-20,95891
C0440,2025-08-25,113590
C0440,2025-08-26,278287
C0440,2025-09-21,48711
C0440,2025-09-30,162587
C0440,2025-11-11,415251
C0440,2025-11-24,330832
C0440,2025-12-08,77068
C0441,2025-02-13,272050
C0441,2025-04-10,343229
C0441,2025-04-29,1105784
C0441,2025-05-03,1368751
C0441,2025-05-21,60238
C0441,2025-06-04,170020
C0441,2025-08-15,712065
C0441,2025-10-13,175002
C0441,2025-10-29,229052
C0441,2025-10-31,288875
C0441,2025-11-08,935074
C0441,2025-11-13,1827932
C0441,2025-12-09,553928
C0441,2025-12-10,736071
C0441,2025-12-21,1097398
C0442,2025-08-10,62439
C0442,2025-09-03,548589
C0443,2025-02-08,163292
C0443,2025-12-04,1319868
C0444,2025-06-16,403153
C0444,2025-07-20,839931
C0444,2025-11-07,350246
C0444,2025-11-17,357980
C0445,2025-06-04,1381344
C0446,2025-07-06,887408
C0447,2024-09-23,485576
C0447,2025-04-03,135338
C0447,2025-07-15,50090
C0448,2025-03-31,725096
C0449,2025-01-13,371889
C0449,2025-09-26,37570
C0449,2025-10-08,264383
C0449,2025-11-22,367366
C0450,2025-01-12,1275765
C0450,2025-02-22,1853518
C0450,2025-02-25,329335
C0450,2025-03-08,102215
C0450,2025-05-15,128840
C0450,2025-08-31,870831
C0450,2025-09-15,1371852
C0450,2025-09-16,122811
C0450,2025-11-02,857324
C0450,2025-12-03,471050
C0450,2025-12-26,2467359
C0451,2025-07-04,940129
C0452,2025-03-27,410728
C0452,2025-08-21,850763
C0452,2025-12-06,231244
C0453,2025-04-02,188853
C0453,2025-07-02,666041
C0453,2025-12-05,716686
C0454,2024-11-18,76297
C0454,2024-11-25,2764
C0454,2025-03-27,20938
C0455,2025-01-19,10027
C0455,2025-03-12,102899
C0455,2025-04-26,598901
C0455,2025-05-03,102670
C0455,2025-06-19,373128
C0455,2025-07-18,281561
C0455,2025-08-04,517617
C0455,2025-09-22,63829
C0455,2025-10-06,358162
C0455,2025-11-01,511372
C0455,2025-11-21,582577
C0455,2025-12-03,163151
C0456,2025-01-23,661164
C0456,2025-10-07,327324
C0456,2025-11-10,368878
C0457,2024-12-19,456494
C0457,2025-01-12,224827
C0457,2025-01-24,230871
C0457,2025-01-27,284678
C0457,2025-02-14,2116262
C0457,2025-02-14,488334
C0457,2025-03-02,87939
C0457,2025-03-25,227743
C0457,2025-04-10,772803
C0457,2025-05-10,930660
C0457,2025-05-21,146273
C0457,2025-08-01,460964
C0457,2025-08-26,183803
C0457,2025-09-08,42293
C0457,2025-10-02,882571
C0457,2025-10-14,87796
C0457,2025-10-31,1658396
C0457,2025-11-06,58963
C0457,2025-11-23,698064
C0457,2025-12-05,670229
C0458,2024-12-21,685151
C0458,2025-03-26,328254
C0458,2025-10-02,74387
C0458,2025-11-08,259757
C0459,2025-01-28,818847
C0459,2025-01-31,287804
C0459,2025-03-12,841261
C0459,2025-03-13,213721
C0459,2025-05-12,681453
C0459,2025-06-07,417925
C0459,2025-06-30,161479
C0459,2025-07-04,53682
C0459,2025-07-14,1336936
C0459,2025-08-27,235579
C0459,2025-08-27,345788
C0459,2025-09-16,314068
C0459,2025-09-29,1105165
C0459,2025-10-09,771113
C0459,2025-10-10,547871
C0459,2025-10-22,99986
C0459,2025-12-10,1682946
C0459,2025-12-27,787550
C0460,2025-02-08,369299
C0460,2025-04-06,437750
C0460,2025-04-11,431833
C0460,2025-05-24,58918
C0460,2025-05-30,752915
C0460,2025-08-15,281282
C0460,2025-08-19,390248
C0460,2025-09-18,601252
C0460,2025-11-13,1284333
C0460,2025-11-17,578314
C0460,2025-11-30,148162
C0461,2024-11-10,829553
C0461,2024-12-28,666402
C0461,2025-02-08,781062
C0461,2025-03-07,347777
C0461,2025-04-23,885314
C0461,2025-05-06,1323471
C0461,2025-06-07,49219
C0461,2025-10-16,667910
C0461,2025-10-28,15654
C0462,2024-12-18,288594
C0462,2025-03-05,1589680
C0462,2025-03-07,176533
C0462,2025-11-17,266229
C0463,2025-06-20,236879
C0463,2025-09-29,826792
C0464,2025-04-25,219362
C0464,2025-12-04,388734
C0464,2025-12-05,436924
C0465,2025-07-28,553915
C0466,2025-05-09,1430221
C0466,2025-11-28,381779
C0467,2024-12-14,1698622
C0467,2025-04-28,180967
C0467,2025-05-03,691357
C0467,2025-05-23,351611
C0467,2025-06-19,67223
C0467,2025-10-01,219802
C0467,2025-11-28,867017
C0468,2025-08-04,85912
C0468,2025-08-28,339198
C0469,2025-01-05,32941
C0469,2025-01-27,1034676
C0469,2025-03-24,292998
C0469,2025-05-27,518066
C0469,2025-07-18,72152
C0469,2025-09-08,516094
C0469,2025-11-10,160884
C0469,2025-11-15,532973
C0469,2025-11-26,802107
C0469,2025-11-29,104667
C0469,2025-12-04,402403
C0469,2025-12-21,269465
C0470,2025-10-14,445772
C0470,2025-10-16,372055
C0471,2024-12-21,165465
C0471,2025-01-03,471182
C0471,2025-01-30,182330
C0471,2025-02-09,1002230
C0471,2025-02-11,626784
C0471,2025-03-03,83851
C0471,2025-03-17,659245
C0471,2025-04-21,1159334
C0471,2025-05-01,814870
C0471,2025-05-13,1692829
C0471,2025-05-20,59173
C0471,2025-05-21,263775
C0471,2025-06-13,738705
C0471,2025-09-03,315031
C0471,2025-12-11,459036
C0471,2025-12-17,1768579
C0472,2024-07-23,965736
C0472,2025-07-07,148948
C0473,2025-01-11,186291
C0473,2025-01-25,559750
C0473,2025-02-15,270519
C0473,2025-05-03,825230
C0473,2025-06-26,79915
C0473,2025-07-19,662047
C0473,2025-07-25,10892
C0473,2025-08-02,438367
C0473,2025-08-30,903691
C0473,2025-09-19,860553
C0473,2025-09-22,123042
C0473,2025-10-15,490622
C0473,2025-11-30,615975
C0473,2025-12-04,417843
C0473,2025-12-22,147917
C0474,2024-10-27,684580
C0474,2025-07-17,572639
C0475,2025-02-27,258633
C0475,2025-03-24,187110
C0475,2025-11-04,899597
C0476,2024-08-18,652638
C0476,2025-06-05,600307
C0477,2024-12-24,97281
C0477,2024-12-29,143417
C0477,2025-01-01,1506893
C0477,2025-03-11,531124
C0477,2025-03-16,1285845
C0477,2025-03-30,760171
C0477,2025-05-06,36520
C0477,2025-06-04,356942
C0477,2025-07-14,155729
C0477,2025-07-28,366775
C0477,2025-08-15,319851
C0477,2025-09-06,956961
C0477,2025-10-21,527449
C0477,2025-11-01,580648
C0477,2025-11-05,511831
C0477,2025-12-19,143328
C0477,2025-12-23,1412669
C0478,2025-01-02,156158
C0478,2025-01-12,154701
C0478,2025-07-25,180311
C0478,2025-12-15,105641
C0479,2024-11-29,533570
C0479,2025-10-07,62156
C0480,2025-05-12,270066
C0480,2025-10-16,513709
C0480,2025-10-29,443212
C0481,2025-01-19,966344
C0481,2025-03-16,532001
C0481,2025-11-15,145294
C0481,2025-12-03,504345
C0482,2024-12-24,84197
C0482,2025-07-23,578301
C0482,2025-10-26,75565
C0483,2025-01-09,798206
C0483,2025-03-10,247905
C0483,2025-06-11,184415
C0483,2025-07-24,423918
C0483,2025-11-06,454621
C0484,2025-02-25,1914556
C0484,2025-10-22,1093216
C0485,2025-04-07,172300
C0485,2025-05-11,118067
C0485,2025-11-05,982454
C0485,2025-11-19,108562
C0486,2024-08-09,260092
C0486,2025-04-26,556575
C0487,2024-12-12,646049
C0487,2024-12-18,636101
C0487,2025-01-04,75317
C0487,2025-02-16,707228
C0487,2025-03-18,191084
C0487,2025-04-10,556038
C0487,2025-04-21,150934
C0487,2025-05-07,673888
C0487,2025-05-14,547559
C0487,2025-06-04,1019704
C0487,2025-07-04,584840
C0487,2025-07-16,705881
C0487,2025-08-06,886756
C0487,2025-08-14,213498
C0487,2025-08-25,674419
C0487,2025-08-27,327964
C0487,2025-09-23,537659
C0487,2025-11-13,810681
C0487,2025-12-11,68527
C0488,2024-12-21,822654
C0488,2025-03-01,297738
C0488,2025-04-18,230751
C0488,2025-04-28,539478
C0488,2025-05-11,39278
C0488,2025-06-07,42713
C0488,2025-06-26,190386
C0488,2025-08-31,404688
C0488,2025-09-25,11899
C0488,2025-10-06,948742
C0488,2025-11-29,179191
C0488,2025-12-07,48342
C0489,2024-09-06,343842
C0489,2024-10-28,425889
C0489,2025-06-29,202100
C0490,2024-11-10,57184
C0490,2024-12-06,1038829
C0490,2025-06-25,1019297
C0491,2024-12-12,197638
C0491,2025-03-29,264209
C0491,2025-11-11,179235
C0491,2025-11-18,303907
C0492,2024-12-03,738358
C0492,2025-01-08,90269
C0492,2025-10-03,118317
C0492,2025-10-13,337742
C0492,2025-11-12,878031
C0493,2025-04-10,411552
C0493,2025-04-12,207644
C0493,2025-06-12,1110856
C0493,2025-07-21,583535
C0493,2025-08-21,298832
C0493,2025-09-17,1012146
C0493,2025-09-21,581233
C0493,2025-10-02,476105
C0493,2025-12-09,140932
C0494,2025-01-28,349701
C0494,2025-01-30,269685
C0494,2025-04-17,546124
C0494,2025-05-03,240488
C0494,2025-05-26,133786
C0494,2025-07-19,177824
C0494,2025-12-10,263662
C0495,2025-11-27,1694683
C0496,2024-12-17,1176998
C0496,2025-09-11,274131
C0496,2025-12-05,1048672
C0497,2024-11-19,219882
C0497,2025-02-28,85308
C0497,2025-08-14,1123174
C0497,2025-11-07,715128
C0498,2024-12-11,457118
C0498,2024-12-16,144940
C0498,2024-12-25,18399
C0498,2024-12-28,36414
C0498,2025-01-13,151683
C0498,2025-03-02,331944
C0498,2025-03-06,272324
C0498,2025-03-31,341435
C0498,2025-04-03,688857
C0498,2025-04-17,160263
C0498,2025-05-01,527211
C0498,2025-07-08,321055
C0498,2025-07-18,741760
C0498,2025-07-30,352725
C0498,2025-08-25,934970
C0498,2025-09-23,490631
C0498,2025-11-26,630127
C0498,2025-12-10,153444
C0499,2024-07-18,71960
C0499,2025-05-19,993644
C0500,2025-09-11,996164
C0501,2024-10-21,518258
C0501,2025-01-16,25507
C0501,2025-06-16,548218
C0501,2025-10-19,749941
C0502,2025-02-20,28996
C0502,2025-08-13,930137
C0502,2025-10-10,515435
C0502,2025-12-04,226497
C0503,2024-11-18,786308
C0503,2024-11-28,329814
C0503,2025-01-10,656937
C0503,2025-04-25,502199
C0503,2025-05-13,525156
C0503,2025-05-15,142236
C0503,2025-09-10,429533
C0503,2025-11-06,1076020
C0503,2025-11-11,839100
C0504,2025-07-05,868434
C0505,2025-01-18,512720
C0505,2025-11-10,758716
C0506,2024-12-11,163025
C0506,2024-12-27,620404
C0506,2025-02-05,490868
C0506,2025-03-31,78338
C0506,2025-08-25,541536
C0506,2025-09-29,85140
C0506,2025-10-23,1076090
C0506,2025-11-06,298367
C0506,2025-11-24,266070
C0507,2025-10-16,427653
C0508,2025-07-25,824085
C0509,2025-06-09,639089
C0509,2025-06-16,243600
C0510,2025-07-19,465484
C0511,2025-02-28,723115
C0511,2025-03-29,438758
C0511,2025-10-07,304576
C0512,2024-11-17,59205
C0512,2025-02-05,145374
C0512,2025-08-18,481310
C0512,2025-11-05,568421
C0513,2024-11-04,334034
C0513,2025-01-01,295740
C0513,2025-03-10,624421
C0514,2025-04-17,1164755
C0515,2024-12-11,551957
C0515,2024-12-24,393649
C0515,2025-01-13,387192
C0515,2025-02-01,180524
C0515,2025-02-10,382457
C0515,2025-02-10,468619
C0515,2025-03-11,297022
C0515,2025-03-26,263554
C0515,2025-04-08,92220
C0515,2025-04-30,162191
C0515,2025-05-13,198365
C0515,2025-05-25,47126
C0515,2025-05-31,56032
C0515,2025-06-11,260465
C0515,2025-07-09,353234
C0515,2025-07-13,509346
C0515,2025-07-20,73064
C0515,2025-07-30,639022
C0515,2025-07-31,167864
C0515,2025-08-23,97719
C0515,2025-09-11,19359
C0515,2025-10-19,346326
C0515,2025-11-09,188006
C0515,2025-11-23,640571
C0515,2025-12-06,92337
C0516,2025-01-24,193543
C0516,2025-03-02,88292
C0516,2025-03-09,191177
C0516,2025-04-07,1172763
C0516,2025-04-26,133631
C0516,2025-05-05,767910
C0516,2025-05-12,670486
C0516,2025-05-17,222819
C0516,2025-05-22,707282
C0516,2025-07-10,417422
C0516,2025-07-13,703387
C0516,2025-07-30,460589
C0516,2025-08-05,65428
C0516,2025-08-05,27968
C0516,2025-08-15,1391826
C0516,2025-08-16,47996
C0516,2025-09-09,429725
C0516,2025-10-26,215540
C0516,2025-11-21,329414
C0516,2025-12-26,936041
C0517,2024-11-21,516177
C0517,2025-09-05,485744
C0517,2025-11-06,446813
C0518,2024-11-14,558757
C0518,2025-09-03,461174
C0519,2024-10-09,222482
C0519,2025-06-16,89632
C0520,2024-12-02,336628
C0520,2025-03-19,1737668
C0520,2025-04-04,262266
C0520,2025-04-21,1699067
C0520,2025-05-05,252325
C0520,2025-10-15,690881
C0520,2025-11-26,1491057
C0521,2025-02-01,461552
C0521,2025-03-23,303888
C0521,2025-09-04,284227
C0521,2025-10-01,262260
C0521,2025-11-26,158696
C0522,2025-06-07,78717
C0522,2025-06-18,922061
C0522,2025-11-07,762776
C0523,2025-02-20,311189
C0523,2025-03-14,355623
C0524,2025-02-18,344949
C0524,2025-06-03,180867
C0525,2025-08-08,1568644
C0526,2024-10-28,64140
C0526,2024-12-22,75209
C0526,2025-07-27,189873
C0526,2025-10-10,1044329
C0527,2024-12-13,167557
C0527,2025-01-02,441985
C0527,2025-04-01,811345
C0527,2025-11-15,783914
C0528,2024-11-03,433346
C0528,2025-02-18,22288
C0528,2025-04-28,2019332
C0528,2025-08-26,453693
C0528,2025-09-02,920908
C0528,2025-10-06,399377
C0528,2025-10-22,472046
C0529,2024-12-16,67803
C0529,2024-12-17,184572
C0529,2025-04-11,3305725
C0529,2025-05-03,1262359
C0529,2025-06-16,593096
C0529,2025-06-17,401819
C0529,2025-08-01,262132
C0529,2025-08-13,1516364
C0529,2025-08-14,357669
C0529,2025-09-21,1160359
C0529,2025-10-20,186673
C0529,2025-12-08,242738
C0530,2025-04-08,342063
C0530,2025-04-18,558634
C0531,2024-10-22,1099435
C0531,2025-03-29,808297
C0532,2024-10-25,167550
C0532,2025-03-30,469541
C0532,2025-07-18,523145
C0533,2025-07-17,483804
C0534,2025-03-24,190064
C0534,2025-11-06,1160735
C0534,2025-11-09,543680
C0535,2025-03-20,250834
C0535,2025-06-05,424803
C0535,2025-06-14,100485
C0536,2025-09-17,1005073
C0537,2025-08-09,1332248
C0538,2024-11-13,180576
C0538,2024-11-26,285738
C0538,2025-01-10,9309
C0538,2025-01-30,407196
C0538,2025-02-11,312602
C0538,2025-02-28,172014
C0538,2025-03-22,79134
C0538,2025-04-12,74356
C0538,2025-04-13,206321
C0538,2025-07-30,71083
C0538,2025-08-03,626892
C0538,2025-09-15,594639
C0538,2025-10-03,402698
C0538,2025-10-21,568101
C0538,2025-11-01,622926
C0539,2024-11-10,254351
C0539,2025-03-04,1235940
C0539,2025-06-23,120332
C0539,2025-11-07,791477
C0540,2025-03-16,107850
C0540,2025-05-19,367046
C0540,2025-05-21,115562
C0540,2025-06-20,82512
C0540,2025-08-01,120426
C0540,2025-09-17,168803
C0540,2025-10-22,137142
C0540,2025-11-25,699829
C0541,2025-05-17,544841
C0542,2025-03-29,424684
C0542,2025-06-01,367055
C0542,2025-11-10,377733
C0543,2025-01-13,131415
C0543,2025-01-26,382978
C0543,2025-02-28,398362
C0543,2025-03-08,42260
C0543,2025-05-07,497077
C0543,2025-06-02,498584
C0543,2025-10-13,273124
C0543,2025-10-22,56759
C0543,2025-10-29,10901
C0543,2025-11-27,348554
C0543,2025-12-07,186923
C0544,2025-02-22,543626
C0544,2025-07-12,54141
C0544,2025-07-29,1113625
C0544,2025-11-17,630578
C0545,2025-04-04,112647
C0545,2025-07-03,476891
C0545,2025-07-06,128255
C0545,2025-12-05,613395
C0546,2025-05-02,800243
C0546,2025-07-28,1029125
C0546,2025-11-27,146082
C0547,2024-11-27,439113
C0547,2024-12-10,492611
C0547,2025-02-17,282907
C0547,2025-03-06,243272
C0547,2025-03-10,16508
C0547,2025-03-18,312089
C0547,2025-05-03,299083
C0547,2025-05-17,245783
C0547,2025-06-01,394623
C0547,2025-08-07,300925
C0547,2025-11-12,510750
C0548,2025-03-05,567313
C0548,2025-05-10,880945
C0548,2025-11-09,52541
C0549,2025-05-07,457039
C0549,2025-07-14,442915
C0549,2025-10-27,89059
C0549,2025-11-30,296865
C0550,2025-07-05,1169237
C0551,2025-07-23,1139835
C0551,2025-08-03,278224
C0551,2025-08-09,74764
C0551,2025-08-27,108245
C0551,2025-10-03,424669
C0552,2024-08-14,671591
C0552,2025-08-12,824927
C0553,2025-05-19,1238935
C0553,2025-11-15,370493
C0554,2025-07-28,927496
C0554,2025-10-07,159586
C0554,2025-11-02,891005
C0555,2025-09-21,778852
C0556,2025-04-17,168961
C0556,2025-08-24,158975
C0556,2025-11-06,616072
C0556,2025-11-14,415142
C0557,2025-02-04,14899
C0557,2025-02-06,43820
C0557,2025-02-08,28442
C0557,2025-04-21,244146
C0557,2025-05-08,173882
C0557,2025-06-03,180754
C0557,2025-07-28,542606
C0557,2025-11-03,63316
C0557,2025-11-26,400466
C0557,2025-12-24,239615
C0558,2025-01-03,123526
C0558,2025-01-05,2798
C0558,2025-02-07,699934
C0558,2025-03-12,168916
C0558,2025-04-04,74741
C0558,2025-04-22,65469
C0558,2025-05-19,130721
C0558,2025-05-29,562581
C0558,2025-06-02,87003
C0558,2025-08-10,774190
C0558,2025-08-28,41980
C0558,2025-11-23,1184627
C0558,2025-12-05,133810
C0558,2025-12-16,788683
C0558,2025-12-18,700977
C0558,2025-12-22,698675
C0558,2025-12-30,221899
C0559,2025-08-23,674094
C0560,2025-04-19,830096
C0560,2025-12-24,768850
C0561,2025-11-17,467847
C0562,2025-10-06,747868
C0562,2025-11-16,1942354
C0563,2025-03-04,273098
C0563,2025-04-08,185225
C0563,2025-06-04,25453
C0563,2025-06-19,562415
C0563,2025-09-20,86732
C0563,2025-12-01,497389
C0563,2025-12-01,201914
C0563,2025-12-15,1603677
C0564,2025-01-06,309821
C0564,2025-01-09,36015
C0564,2025-04-27,1034592
C0564,2025-05-28,1177853
C0564,2025-06-13,520122
C0564,2025-08-06,167025
C0564,2025-08-09,439135
C0564,2025-08-27,1394618
C0564,2025-09-22,22853
C0564,2025-09-25,2421777
C0564,2025-11-11,2246445
C0564,2025-12-16,199469
C0565,2024-11-12,652640
C0565,2025-05-12,179168
C0565,2025-11-07,2311490
C0566,2024-11-12,251080
C0566,2025-01-26,504151
C0566,2025-02-05,122152
C0566,2025-10-25,303794
C0567,2024-11-22,432625
C0567,2025-05-21,206179
C0567,2025-08-15,306791
C0567,2025-10-26,587994
C0568,2025-01-06,333611
C0568,2025-11-01,1327234
C0568,2025-12-07,286139
C0569,2025-05-14,962542
C0570,2024-12-13,1010280
C0570,2025-03-31,828607
C0570,2025-06-03,346568
C0570,2025-08-19,780368
C0570,2025-11-06,534305
C0570,2025-11-12,1312448
C0571,2024-12-11,491066
C0571,2025-03-10,83863
C0571,2025-04-02,63168
C0571,2025-06-21,508997
C0571,2025-06-29,156892
C0571,2025-11-15,234638
C0572,2025-06-03,56198
C0572,2025-07-09,538466
C0572,2025-07-13,1017113
C0573,2025-05-27,644586
C0573,2025-10-17,100237
C0573,2025-11-08,611202
C0573,2025-11-15,846397
C0574,2025-03-28,662737
C0574,2025-08-09,1243275
C0574,2025-11-23,689614
C0575,2025-10-08,1162937
C0576,2024-10-10,19325
C0576,2025-03-15,39501
C0576,2025-05-01,5449
C0576,2025-06-22,35723
C0577,2024-12-13,1339065
C0577,2025-02-13,422976
C0577,2025-02-16,684523
C0577,2025-05-02,56515
C0577,2025-09-03,63846
C0577,2025-11-20,844880
C0577,2025-12-04,225299
C0578,2024-08-27,1121638
C0578,2024-12-27,72103
C0578,2025-06-28,150482
C0579,2025-02-20,662226
C0579,2025-03-01,268895
C0579,2025-03-09,4012
C0579,2025-04-09,120399
C0579,2025-05-09,353313
C0579,2025-06-26,186138
C0579,2025-12-06,73435
C0580,2024-12-30,378684
C0580,2025-01-24,922141
C0580,2025-02-01,1237393
C0580,2025-05-01,235326
C0580,2025-05-17,297725
C0580,2025-05-21,596998
C0580,2025-06-20,246021
C0580,2025-10-31,218492
C0580,2025-12-04,397499
C0580,2025-12-07,526306
C0581,2025-08-23,766299
C0581,2025-12-04,495615
C0582,2025-06-17,159892
C0583,2025-02-11,806302
C0583,2025-08-18,281010
C0583,2025-11-11,799337
C0584,2025-03-16,251140
C0584,2025-06-28,281757
C0584,2025-07-02,1765618
C0584,2025-09-17,765315
C0584,2025-09-19,1014434
C0584,2025-11-12,1063440
C0585,2024-11-21,694919
C0585,2025-03-26,59592
C0585,2025-11-08,1730250
C0586,2024-11-26,158783
C0586,2025-01-03,230088
C0586,2025-03-05,139629
C0586,2025-04-08,42589
C0586,2025-07-04,252803
C0586,2025-08-27,17570
C0586,2025-09-20,167337
C0586,2025-10-07,35592
C0586,2025-10-16,24908
C0586,2025-11-07,68522
C0586,2025-11-11,253286
C0586,2025-11-12,63589
C0587,2024-12-29,363287
C0587,2025-01-06,97910
C0587,2025-02-02,204781
C0587,2025-02-05,221579
C0587,2025-02-14,365675
C0587,2025-02-15,78695
C0587,2025-02-24,276121
C0587,2025-03-12,189607
C0587,2025-03-21,541079
C0587,2025-05-28,3304013
C0587,2025-05-30,383946
C0587,2025-07-04,309560
C0587,2025-07-15,453792
C0587,2025-08-14,607822
C0587,2025-09-08,3953
C0587,2025-09-08,307126
C0587,2025-09-28,667955
C0587,2025-09-28,45766
C0587,2025-10-04,381135
C0587,2025-11-28,721492
C0587,2025-12-10,1361369
C0587,2025-12-20,417143
C0588,2025-01-14,44917
C0588,2025-02-10,176493
C0588,2025-02-26,354807
C0588,2025-06-05,255445
C0588,2025-07-09,429001
C0588,2025-09-11,59903
C0588,2025-09-29,471573
C0588,2025-10-01,74874
C0588,2025-11-17,79234
C0588,2025-12-25,447069
C0589,2025-03-20,762222
C0589,2025-05-10,543277
C0589,2025-08-14,9114
C0589,2025-09-19,448154
C0589,2025-09-20,13458
C0589,2025-10-08,809466
C0589,2025-10-23,157826
C0589,2025-12-07,70497
C0590,2024-12-29,162766
C0590,2025-01-22,558684
C0590,2025-04-24,150870
C0590,2025-07-13,168044
C0590,2025-08-10,20165
C0590,2025-08-13,59956
C0590,2025-08-16,102031
C0590,2025-11-03,509983
C0590,2025-12-10,70000
C0590,2025-12-21,88150
C0591,2024-12-01,340126
C0591,2024-12-24,378771
C0591,2025-05-15,188312
C0591,2025-08-03,228783
C0591,2025-08-10,1755649
C0591,2025-11-28,251264
C0592,2025-05-13,833408
C0592,2025-06-16,189438
C0592,2025-11-18,726757
C0593,2024-12-29,602267
C0593,2025-02-23,35447
C0593,2025-03-27,390366
C0593,2025-06-06,953257
C0593,2025-07-19,550461
C0593,2025-08-17,450725
C0593,2025-10-10,124090
C0593,2025-12-21,1280068
C0594,2024-12-07,1213977
C0594,2025-01-06,530702
C0594,2025-06-24,660093
C0594,2025-09-19,82062
C0594,2025-10-15,335079
C0594,2025-10-26,597714
C0594,2025-11-19,782352
C0595,2025-07-13,411331
C0596,2024-12-27,702677
C0596,2025-10-01,298861
C0596,2025-11-19,27126
C0597,2025-05-04,119424
C0597,2025-06-27,588004
C0597,2025-09-26,349434
C0597,2025-09-27,317648
C0598,2024-12-22,413506
C0598,2025-01-09,251789
C0598,2025-01-18,375190
C0598,2025-02-26,425229
C0598,2025-04-21,711600
C0598,2025-09-06,521810
C0598,2025-09-26,149221
C0598,2025-12-09,373748
C0599,2025-01-15,1448868
C0599,2025-05-27,2226176
C0599,2025-12-09,2535196
C0600,2024-12-05,773312
C0600,2024-12-26,247891
C0600,2025-01-19,421406
C0600,2025-01-26,440586
C0600,2025-02-23,163169
C0600,2025-03-02,442987
C0600,2025-03-09,613259
C0600,2025-03-28,135038
C0600,2025-04-11,909247
C0600,2025-04-24,195520
C0600,2025-06-08,251284
C0600,2025-07-19,189520
C0600,2025-07-19,152517
C0600,2025-07-23,1036817
C0600,2025-09-01,1182840
C0600,2025-09-29,214429
C0600,2025-10-22,948646
C0600,2025-10-29,67588
C0600,2025-11-24,290742
C0600,2025-11-30,97033
